"MANDT","KURST","FCURR","TCURR","GDATU","FFACT","TFACT","ABWCT","ABWGA"
"000","100*","EUR","USD","1800-01-01","1","1","",
"000","100*","USD","EUR","1800-01-01","1","1","",
"000","1001","EUR","USD","1800-01-01","1","1","",
"000","1001","USD","EUR","1800-01-01","1","1","",
"000","1002","EUR","USD","1800-01-01","1","1","",
"000","1002","USD","EUR","1800-01-01","1","1","",
"000","1003","EUR","USD","1800-01-01","1","1","",
"000","1003","USD","EUR","1800-01-01","1","1","",
"000","1004","EUR","USD","1800-01-01","1","1","",
"000","1004","USD","EUR","1800-01-01","1","1","",
"000","200*","EUR","USD","1800-01-01","1","1","",
"000","200*","USD","EUR","1800-01-01","1","1","",
"000","2001","EUR","USD","1800-01-01","1","1","",
"000","2001","USD","EUR","1800-01-01","1","1","",
"000","2002","EUR","USD","1800-01-01","1","1","",
"000","2002","USD","EUR","1800-01-01","1","1","",
"000","2003","EUR","USD","1800-01-01","1","1","",
"000","2003","USD","EUR","1800-01-01","1","1","",
"000","2004","EUR","USD","1800-01-01","1","1","",
"000","2004","USD","EUR","1800-01-01","1","1","",
"000","AVG","AED","AUD","1800-01-01","1","1","",
"000","AVG","AED","BRL","1800-01-01","1","1","",
"000","AVG","AED","CAD","1800-01-01","1","1","",
"000","AVG","AED","CHF","1800-01-01","1","1","",
"000","AVG","AED","CNY","1800-01-01","1","1","",
"000","AVG","AED","COP","1800-01-01","1","1000","",
"000","AVG","AED","EUR","1800-01-01","1","1","",
"000","AVG","AED","GBP","1800-01-01","1","1","",
"000","AVG","AED","HKD","1800-01-01","1","1","",
"000","AVG","AED","HUF","1800-01-01","1","100","",
"000","AVG","AED","INR","1800-01-01","1","100","",
"000","AVG","AED","JPY","1800-01-01","1","100","",
"000","AVG","AED","MYR","1800-01-01","1","1","",
"000","AVG","AED","PHP","1800-01-01","1","100","",
"000","AVG","AED","SGD","1800-01-01","1","1","",
"000","AVG","AED","USD","1800-01-01","1","1","",
"000","AVG","ARS","BRL","1800-01-01","1","1","",
"000","AVG","ARS","CAD","1800-01-01","1","1","",
"000","AVG","ARS","CLP","1800-01-01","1","100","",
"000","AVG","ARS","COP","1800-01-01","1","1000","",
"000","AVG","ARS","EUR","1800-01-01","1","1","",
"000","AVG","ARS","JPY","1800-01-01","1","1","",
"000","AVG","ARS","MXN","1800-01-01","1","1","",
"000","AVG","ARS","PEN","1800-01-01","1","1","",
"000","AVG","ARS","USD","1800-01-01","1","1","",
"000","AVG","ARS","VEF","1800-01-01","1","1","",
"000","AVG","AUD","AED","1800-01-01","1","1","",
"000","AVG","AUD","BRL","1800-01-01","1","1","",
"000","AVG","AUD","CAD","1800-01-01","1","1","",
"000","AVG","AUD","CHF","1800-01-01","1","1","",
"000","AVG","AUD","CNY","1800-01-01","1","1","",
"000","AVG","AUD","COP","1800-01-01","1","1000","",
"000","AVG","AUD","EUR","1800-01-01","1","1","",
"000","AVG","AUD","GBP","1800-01-01","1","1","",
"000","AVG","AUD","HKD","1800-01-01","1","1","",
"000","AVG","AUD","HUF","1800-01-01","1","100","",
"000","AVG","AUD","INR","1800-01-01","1","100","",
"000","AVG","AUD","JPY","1800-01-01","1","100","",
"000","AVG","AUD","MYR","1800-01-01","1","1","",
"000","AVG","AUD","NZD","1800-01-01","1","1","",
"000","AVG","AUD","PHP","1800-01-01","1","100","",
"000","AVG","AUD","SGD","1800-01-01","1","1","",
"000","AVG","AUD","USD","1800-01-01","1","1","",
"000","AVG","BGN","EUR","1800-01-01","1","1","",
"000","AVG","BGN","JPY","1800-01-01","1","1","",
"000","AVG","BGN","USD","1800-01-01","1","1","",
"000","AVG","BRL","AED","1800-01-01","1","1","",
"000","AVG","BRL","ARS","1800-01-01","1","1","",
"000","AVG","BRL","AUD","1800-01-01","1","1","",
"000","AVG","BRL","CAD","1800-01-01","1","1","",
"000","AVG","BRL","CHF","1800-01-01","1","1","",
"000","AVG","BRL","CLP","1800-01-01","1","100","",
"000","AVG","BRL","CNY","1800-01-01","1","1","",
"000","AVG","BRL","COP","1800-01-01","1","1000","",
"000","AVG","BRL","EUR","1800-01-01","1","1","",
"000","AVG","BRL","GBP","1800-01-01","1","1","",
"000","AVG","BRL","HKD","1800-01-01","1","1","",
"000","AVG","BRL","HUF","1800-01-01","1","100","",
"000","AVG","BRL","INR","1800-01-01","1","100","",
"000","AVG","BRL","JPY","1800-01-01","1","100","",
"000","AVG","BRL","MXN","1800-01-01","1","1","",
"000","AVG","BRL","MYR","1800-01-01","1","1","",
"000","AVG","BRL","PEN","1800-01-01","1","1","",
"000","AVG","BRL","PHP","1800-01-01","1","100","",
"000","AVG","BRL","SGD","1800-01-01","1","1","",
"000","AVG","BRL","USD","1800-01-01","1","1","",
"000","AVG","BRL","VEF","1800-01-01","1","1","",
"000","AVG","CAD","AED","1800-01-01","1","1","",
"000","AVG","CAD","ARS","1800-01-01","1","1","",
"000","AVG","CAD","BRL","1800-01-01","1","1","",
"000","AVG","CAD","CHF","1800-01-01","1","1","",
"000","AVG","CAD","CLP","1800-01-01","1","100","",
"000","AVG","CAD","CNY","1800-01-01","1","1","",
"000","AVG","CAD","COP","1800-01-01","1","1000","",
"000","AVG","CAD","EUR","1800-01-01","1","1","",
"000","AVG","CAD","GBP","1800-01-01","1","1","",
"000","AVG","CAD","HKD","1800-01-01","1","1","",
"000","AVG","CAD","HUF","1800-01-01","1","100","",
"000","AVG","CAD","INR","1800-01-01","1","100","",
"000","AVG","CAD","JPY","1800-01-01","1","100","",
"000","AVG","CAD","MXN","1800-01-01","1","100","",
"000","AVG","CAD","MYR","1800-01-01","1","1","",
"000","AVG","CAD","PEN","1800-01-01","1","1","",
"000","AVG","CAD","PHP","1800-01-01","1","100","",
"000","AVG","CAD","SGD","1800-01-01","1","1","",
"000","AVG","CAD","USD","1800-01-01","1","1","",
"000","AVG","CAD","VEF","1800-01-01","1","1","",
"000","AVG","CHF","AED","1800-01-01","1","1","",
"000","AVG","CHF","AUD","1800-01-01","1","1","",
"000","AVG","CHF","BRL","1800-01-01","1","1","",
"000","AVG","CHF","CAD","1800-01-01","1","1","",
"000","AVG","CHF","CNY","1800-01-01","1","1","",
"000","AVG","CHF","COP","1800-01-01","1","1000","",
"000","AVG","CHF","DKK","1800-01-01","1","1","",
"000","AVG","CHF","EUR","1800-01-01","1","1","",
"000","AVG","CHF","GBP","1800-01-01","1","1","",
"000","AVG","CHF","HKD","1800-01-01","1","1","",
"000","AVG","CHF","HUF","1800-01-01","1","100","",
"000","AVG","CHF","INR","1800-01-01","1","100","",
"000","AVG","CHF","JPY","1800-01-01","1","100","",
"000","AVG","CHF","MYR","1800-01-01","1","1","",
"000","AVG","CHF","NOK","1800-01-01","1","1","",
"000","AVG","CHF","PHP","1800-01-01","1","100","",
"000","AVG","CHF","SEK","1800-01-01","1","1","",
"000","AVG","CHF","SGD","1800-01-01","1","1","",
"000","AVG","CHF","USD","1800-01-01","1","1","",
"000","AVG","CLP","ARS","1800-01-01","100","1","",
"000","AVG","CLP","BRL","1800-01-01","100","1","",
"000","AVG","CLP","CAD","1800-01-01","100","1","",
"000","AVG","CLP","COP","1800-01-01","1","1","",
"000","AVG","CLP","EUR","1800-01-01","1","1","",
"000","AVG","CLP","JPY","1800-01-01","1","1","",
"000","AVG","CLP","MXN","1800-01-01","100","1","",
"000","AVG","CLP","PEN","1800-01-01","100","1","",
"000","AVG","CLP","USD","1800-01-01","1","1","",
"000","AVG","CLP","VEF","1800-01-01","100","1","",
"000","AVG","CNY","AED","1800-01-01","1","1","",
"000","AVG","CNY","AUD","1800-01-01","1","1","",
"000","AVG","CNY","BRL","1800-01-01","1","1","",
"000","AVG","CNY","CAD","1800-01-01","1","1","",
"000","AVG","CNY","CHF","1800-01-01","1","1","",
"000","AVG","CNY","COP","1800-01-01","1","1000","",
"000","AVG","CNY","EUR","1800-01-01","1","1","",
"000","AVG","CNY","GBP","1800-01-01","1","1","",
"000","AVG","CNY","HKD","1800-01-01","1","1","",
"000","AVG","CNY","HUF","1800-01-01","1","100","",
"000","AVG","CNY","INR","1800-01-01","1","100","",
"000","AVG","CNY","JPY","1800-01-01","1","100","",
"000","AVG","CNY","MYR","1800-01-01","1","1","",
"000","AVG","CNY","PHP","1800-01-01","1","100","",
"000","AVG","CNY","SGD","1800-01-01","1","1","",
"000","AVG","CNY","USD","1800-01-01","1","1","",
"000","AVG","COP","AED","1800-01-01","1000","1","",
"000","AVG","COP","ARS","1800-01-01","1000","1","",
"000","AVG","COP","AUD","1800-01-01","1000","1","",
"000","AVG","COP","BRL","1800-01-01","1000","1","",
"000","AVG","COP","CAD","1800-01-01","1000","1","",
"000","AVG","COP","CHF","1800-01-01","1000","1","",
"000","AVG","COP","CLP","1800-01-01","1","1","",
"000","AVG","COP","CNY","1800-01-01","1000","1","",
"000","AVG","COP","EUR","1800-01-01","1000","1","",
"000","AVG","COP","GBP","1800-01-01","1000","1","",
"000","AVG","COP","HKD","1800-01-01","1000","1","",
"000","AVG","COP","HUF","1800-01-01","100","1","",
"000","AVG","COP","INR","1800-01-01","100","1","",
"000","AVG","COP","JPY","1800-01-01","100","1","",
"000","AVG","COP","MYR","1800-01-01","1000","1","",
"000","AVG","COP","PEN","1800-01-01","1000","1","",
"000","AVG","COP","PHP","1800-01-01","100","1","",
"000","AVG","COP","SGD","1800-01-01","1000","1","",
"000","AVG","COP","USD","1800-01-01","1000","1","",
"000","AVG","CZK","EUR","1800-01-01","1","1","",
"000","AVG","CZK","JPY","1800-01-01","1","100","",
"000","AVG","CZK","USD","1800-01-01","1","1","",
"000","AVG","DKK","CHF","1800-01-01","1","1","",
"000","AVG","DKK","EUR","1800-01-01","1","1","",
"000","AVG","DKK","GBP","1800-01-01","1","1","",
"000","AVG","DKK","JPY","1800-01-01","1","100","",
"000","AVG","DKK","NOK","1800-01-01","1","1","",
"000","AVG","DKK","SEK","1800-01-01","1","1","",
"000","AVG","DKK","USD","1800-01-01","1","1","",
"000","AVG","EUR","AED","1800-01-01","1","1","",
"000","AVG","EUR","ARS","1800-01-01","1","1","",
"000","AVG","EUR","AUD","1800-01-01","1","1","",
"000","AVG","EUR","BGN","1800-01-01","1","1","",
"000","AVG","EUR","BRL","1800-01-01","1","1","",
"000","AVG","EUR","CAD","1800-01-01","1","1","",
"000","AVG","EUR","CHF","1800-01-01","1","1","",
"000","AVG","EUR","CLP","1800-01-01","1","100","",
"000","AVG","EUR","CNY","1800-01-01","1","1","",
"000","AVG","EUR","COP","1800-01-01","1","1000","",
"000","AVG","EUR","CZK","1800-01-01","1","1","",
"000","AVG","EUR","DKK","1800-01-01","1","1","",
"000","AVG","EUR","GBP","1800-01-01","1","1","",
"000","AVG","EUR","HKD","1800-01-01","1","1","",
"000","AVG","EUR","HRK","1800-01-01","1","1","",
"000","AVG","EUR","HUF","1800-01-01","1","100","",
"000","AVG","EUR","IDR","1800-01-01","1","1000","",
"000","AVG","EUR","ILS","1800-01-01","1","1","",
"000","AVG","EUR","INR","1800-01-01","1","100","",
"000","AVG","EUR","JPY","1800-01-01","1","100","",
"000","AVG","EUR","KRW","1800-01-01","1","1","",
"000","AVG","EUR","KWD","1800-01-01","1","1","",
"000","AVG","EUR","KZT","1800-01-01","1","1","",
"000","AVG","EUR","MXN","1800-01-01","1","100","",
"000","AVG","EUR","MYR","1800-01-01","1","1","",
"000","AVG","EUR","NOK","1800-01-01","1","1","",
"000","AVG","EUR","NZD","1800-01-01","1","1","",
"000","AVG","EUR","OMR","1800-01-01","1","1","",
"000","AVG","EUR","PEN","1800-01-01","1","1","",
"000","AVG","EUR","PHP","1800-01-01","1","100","",
"000","AVG","EUR","PLN","1800-01-01","1","1","",
"000","AVG","EUR","QAR","1800-01-01","1","1","",
"000","AVG","EUR","RON","1800-01-01","1","1","",
"000","AVG","EUR","RSD","1800-01-01","1","100","",
"000","AVG","EUR","RUB","1800-01-01","1","100","",
"000","AVG","EUR","SAR","1800-01-01","1","1","",
"000","AVG","EUR","SEK","1800-01-01","1","1","",
"000","AVG","EUR","SGD","1800-01-01","1","1","",
"000","AVG","EUR","THB","1800-01-01","1","1","",
"000","AVG","EUR","TRY","1800-01-01","1","1","",
"000","AVG","EUR","TWD","1800-01-01","1","100","",
"000","AVG","EUR","UAH","1800-01-01","1","100","",
"000","AVG","EUR","USD","1800-01-01","1","1","",
"000","AVG","EUR","VEF","1800-01-01","1","1","",
"000","AVG","EUR","ZAR","1800-01-01","1","1","",
"000","AVG","GBP","AED","1800-01-01","1","1","",
"000","AVG","GBP","AUD","1800-01-01","1","1","",
"000","AVG","GBP","BRL","1800-01-01","1","1","",
"000","AVG","GBP","CAD","1800-01-01","1","1","",
"000","AVG","GBP","CHF","1800-01-01","1","1","",
"000","AVG","GBP","CNY","1800-01-01","1","1","",
"000","AVG","GBP","COP","1800-01-01","1","1000","",
"000","AVG","GBP","DKK","1800-01-01","1","1","",
"000","AVG","GBP","EUR","1800-01-01","1","1","",
"000","AVG","GBP","HKD","1800-01-01","1","1","",
"000","AVG","GBP","HUF","1800-01-01","1","100","",
"000","AVG","GBP","INR","1800-01-01","1","100","",
"000","AVG","GBP","JPY","1800-01-01","1","1","",
"000","AVG","GBP","MYR","1800-01-01","1","1","",
"000","AVG","GBP","NOK","1800-01-01","1","1","",
"000","AVG","GBP","PHP","1800-01-01","1","100","",
"000","AVG","GBP","SEK","1800-01-01","1","1","",
"000","AVG","GBP","SGD","1800-01-01","1","1","",
"000","AVG","GBP","USD","1800-01-01","1","1","",
"000","AVG","HKD","AED","1800-01-01","1","1","",
"000","AVG","HKD","AUD","1800-01-01","1","1","",
"000","AVG","HKD","BRL","1800-01-01","1","1","",
"000","AVG","HKD","CAD","1800-01-01","1","1","",
"000","AVG","HKD","CHF","1800-01-01","1","1","",
"000","AVG","HKD","CNY","1800-01-01","1","1","",
"000","AVG","HKD","COP","1800-01-01","1","1000","",
"000","AVG","HKD","EUR","1800-01-01","1","1","",
"000","AVG","HKD","GBP","1800-01-01","1","1","",
"000","AVG","HKD","HUF","1800-01-01","1","100","",
"000","AVG","HKD","INR","1800-01-01","1","100","",
"000","AVG","HKD","JPY","1800-01-01","1","100","",
"000","AVG","HKD","MYR","1800-01-01","1","1","",
"000","AVG","HKD","PHP","1800-01-01","1","100","",
"000","AVG","HKD","SGD","1800-01-01","1","1","",
"000","AVG","HKD","USD","1800-01-01","1","1","",
"000","AVG","HRK","EUR","1800-01-01","1","1","",
"000","AVG","HRK","JPY","1800-01-01","1","100","",
"000","AVG","HRK","USD","1800-01-01","1","1","",
"000","AVG","HUF","AED","1800-01-01","100","1","",
"000","AVG","HUF","AUD","1800-01-01","100","1","",
"000","AVG","HUF","BRL","1800-01-01","100","1","",
"000","AVG","HUF","CAD","1800-01-01","100","1","",
"000","AVG","HUF","CHF","1800-01-01","100","1","",
"000","AVG","HUF","CNY","1800-01-01","100","1","",
"000","AVG","HUF","COP","1800-01-01","1","100","",
"000","AVG","HUF","EUR","1800-01-01","1","1","",
"000","AVG","HUF","GBP","1800-01-01","100","1","",
"000","AVG","HUF","HKD","1800-01-01","100","1","",
"000","AVG","HUF","INR","1800-01-01","1","1","",
"000","AVG","HUF","JPY","1800-01-01","1","1","",
"000","AVG","HUF","MYR","1800-01-01","100","1","",
"000","AVG","HUF","PHP","1800-01-01","1","1","",
"000","AVG","HUF","SGD","1800-01-01","100","1","",
"000","AVG","HUF","USD","1800-01-01","1","1","",
"000","AVG","IDR","EUR","1800-01-01","1000","1","",
"000","AVG","IDR","JPY","1800-01-01","100","1","",
"000","AVG","IDR","USD","1800-01-01","1000","1","",
"000","AVG","ILS","EUR","1800-01-01","1","1","",
"000","AVG","ILS","JPY","1800-01-01","1","100","",
"000","AVG","ILS","USD","1800-01-01","1","1","",
"000","AVG","INR","AED","1800-01-01","1","1","",
"000","AVG","INR","BRL","1800-01-01","100","1","",
"000","AVG","INR","CNY","1800-01-01","100","1","",
"000","AVG","INR","COP","1800-01-01","1","100","",
"000","AVG","INR","EUR","1800-01-01","1","1","",
"000","AVG","INR","HKD","1800-01-01","1","100","",
"000","AVG","INR","HUF","1800-01-01","1","1","",
"000","AVG","INR","JPY","1800-01-01","1","1","",
"000","AVG","INR","MYR","1800-01-01","1","1","",
"000","AVG","INR","PHP","1800-01-01","1","1","",
"000","AVG","INR","SGD","1800-01-01","100","1","",
"000","AVG","INR","USD","1800-01-01","1","1","",
"000","AVG","JPY","AED","1800-01-01","1","1","",
"000","AVG","JPY","ARS","1800-01-01","1","1","",
"000","AVG","JPY","AUD","1800-01-01","100","1","",
"000","AVG","JPY","BGN","1800-01-01","1","1","",
"000","AVG","JPY","BRL","1800-01-01","100","1","",
"000","AVG","JPY","CAD","1800-01-01","100","1","",
"000","AVG","JPY","CHF","1800-01-01","100","1","",
"000","AVG","JPY","CLP","1800-01-01","1","1","",
"000","AVG","JPY","CNY","1800-01-01","100","1","",
"000","AVG","JPY","COP","1800-01-01","1","1","",
"000","AVG","JPY","CZK","1800-01-01","100","1","",
"000","AVG","JPY","DKK","1800-01-01","100","1","",
"000","AVG","JPY","EUR","1800-01-01","100","1","",
"000","AVG","JPY","GBP","1800-01-01","1","1","",
"000","AVG","JPY","HKD","1800-01-01","100","1","",
"000","AVG","JPY","HRK","1800-01-01","100","1","",
"000","AVG","JPY","HUF","1800-01-01","1","1","",
"000","AVG","JPY","IDR","1800-01-01","1","100","",
"000","AVG","JPY","ILS","1800-01-01","100","1","",
"000","AVG","JPY","INR","1800-01-01","1","1","",
"000","AVG","JPY","KRW","1800-01-01","100","1","",
"000","AVG","JPY","KWD","1800-01-01","100","1","",
"000","AVG","JPY","KZT","1800-01-01","1","1","",
"000","AVG","JPY","MXN","1800-01-01","1","1","",
"000","AVG","JPY","MYR","1800-01-01","100","1","",
"000","AVG","JPY","NOK","1800-01-01","100","1","",
"000","AVG","JPY","NZD","1800-01-01","100","1","",
"000","AVG","JPY","OMR","1800-01-01","100","1","",
"000","AVG","JPY","PEN","1800-01-01","100","1","",
"000","AVG","JPY","PHP","1800-01-01","1","1","",
"000","AVG","JPY","PLN","1800-01-01","100","1","",
"000","AVG","JPY","QAR","1800-01-01","100","1","",
"000","AVG","JPY","RON","1800-01-01","100","1","",
"000","AVG","JPY","RSD","1800-01-01","1","1","",
"000","AVG","JPY","RUB","1800-01-01","1","1","",
"000","AVG","JPY","SAR","1800-01-01","100","1","",
"000","AVG","JPY","SEK","1800-01-01","100","1","",
"000","AVG","JPY","SGD","1800-01-01","100","1","",
"000","AVG","JPY","THB","1800-01-01","1","1","",
"000","AVG","JPY","TRY","1800-01-01","100","1","",
"000","AVG","JPY","TWD","1800-01-01","1","1","",
"000","AVG","JPY","UAH","1800-01-01","1","1","",
"000","AVG","JPY","USD","1800-01-01","100","1","",
"000","AVG","JPY","VEF","1800-01-01","1","1","",
"000","AVG","JPY","ZAR","1800-01-01","1","1","",
"000","AVG","KRW","EUR","1800-01-01","1","1","",
"000","AVG","KRW","JPY","1800-01-01","1","1","",
"000","AVG","KRW","USD","1800-01-01","1","1","",
"000","AVG","KWD","EUR","1800-01-01","1","1","",
"000","AVG","KWD","JPY","1800-01-01","1","100","",
"000","AVG","KWD","USD","1800-01-01","1","1","",
"000","AVG","KZT","EUR","1800-01-01","1","1","",
"000","AVG","KZT","JPY","1800-01-01","1","1","",
"000","AVG","KZT","USD","1800-01-01","1","1","",
"000","AVG","MXN","ARS","1800-01-01","1","1","",
"000","AVG","MXN","BRL","1800-01-01","1","1","",
"000","AVG","MXN","CAD","1800-01-01","100","1","",
"000","AVG","MXN","CLP","1800-01-01","1","100","",
"000","AVG","MXN","EUR","1800-01-01","1","1","",
"000","AVG","MXN","JPY","1800-01-01","1","1","",
"000","AVG","MXN","PEN","1800-01-01","1","1","",
"000","AVG","MXN","USD","1800-01-01","1","1","",
"000","AVG","MYR","AED","1800-01-01","1","1","",
"000","AVG","MYR","BRL","1800-01-01","1","1","",
"000","AVG","MYR","CNY","1800-01-01","1","1","",
"000","AVG","MYR","COP","1800-01-01","1","1000","",
"000","AVG","MYR","EUR","1800-01-01","1","1","",
"000","AVG","MYR","HKD","1800-01-01","1","1","",
"000","AVG","MYR","HUF","1800-01-01","1","100","",
"000","AVG","MYR","INR","1800-01-01","1","1","",
"000","AVG","MYR","JPY","1800-01-01","1","100","",
"000","AVG","MYR","PHP","1800-01-01","1","100","",
"000","AVG","MYR","SGD","1800-01-01","1","1","",
"000","AVG","MYR","USD","1800-01-01","1","1","",
"000","AVG","NOK","CHF","1800-01-01","1","1","",
"000","AVG","NOK","DKK","1800-01-01","1","1","",
"000","AVG","NOK","EUR","1800-01-01","1","1","",
"000","AVG","NOK","GBP","1800-01-01","1","1","",
"000","AVG","NOK","JPY","1800-01-01","1","100","",
"000","AVG","NOK","SEK","1800-01-01","1","1","",
"000","AVG","NOK","USD","1800-01-01","1","1","",
"000","AVG","NZD","AUD","1800-01-01","1","1","",
"000","AVG","NZD","EUR","1800-01-01","1","1","",
"000","AVG","NZD","JPY","1800-01-01","1","100","",
"000","AVG","NZD","USD","1800-01-01","1","1","",
"000","AVG","OMR","EUR","1800-01-01","1","1","",
"000","AVG","OMR","JPY","1800-01-01","1","100","",
"000","AVG","OMR","USD","1800-01-01","1","1","",
"000","AVG","PEN","ARS","1800-01-01","1","1","",
"000","AVG","PEN","BRL","1800-01-01","1","1","",
"000","AVG","PEN","CAD","1800-01-01","1","1","",
"000","AVG","PEN","CLP","1800-01-01","1","100","",
"000","AVG","PEN","COP","1800-01-01","1","1000","",
"000","AVG","PEN","EUR","1800-01-01","1","1","",
"000","AVG","PEN","JPY","1800-01-01","1","100","",
"000","AVG","PEN","MXN","1800-01-01","1","1","",
"000","AVG","PEN","USD","1800-01-01","1","1","",
"000","AVG","PEN","VEF","1800-01-01","1","1","",
"000","AVG","PHP","AED","1800-01-01","100","1","",
"000","AVG","PHP","AUD","1800-01-01","100","1","",
"000","AVG","PHP","BRL","1800-01-01","100","1","",
"000","AVG","PHP","CAD","1800-01-01","100","1","",
"000","AVG","PHP","CHF","1800-01-01","100","1","",
"000","AVG","PHP","CNY","1800-01-01","100","1","",
"000","AVG","PHP","COP","1800-01-01","1","100","",
"000","AVG","PHP","EUR","1800-01-01","1","1","",
"000","AVG","PHP","GBP","1800-01-01","100","1","",
"000","AVG","PHP","HKD","1800-01-01","100","1","",
"000","AVG","PHP","HUF","1800-01-01","1","1","",
"000","AVG","PHP","INR","1800-01-01","1","1","",
"000","AVG","PHP","JPY","1800-01-01","1","1","",
"000","AVG","PHP","MYR","1800-01-01","100","1","",
"000","AVG","PHP","SGD","1800-01-01","100","1","",
"000","AVG","PHP","USD","1800-01-01","1","1","",
"000","AVG","PLN","EUR","1800-01-01","1","1","",
"000","AVG","PLN","JPY","1800-01-01","1","100","",
"000","AVG","PLN","USD","1800-01-01","1","1","",
"000","AVG","QAR","EUR","1800-01-01","1","1","",
"000","AVG","QAR","JPY","1800-01-01","1","100","",
"000","AVG","QAR","USD","1800-01-01","1","1","",
"000","AVG","RON","EUR","1800-01-01","1","1","",
"000","AVG","RON","JPY","1800-01-01","1","100","",
"000","AVG","RON","USD","1800-01-01","1","1","",
"000","AVG","RSD","EUR","1800-01-01","1","1","",
"000","AVG","RSD","JPY","1800-01-01","1","1","",
"000","AVG","RSD","USD","1800-01-01","1","1","",
"000","AVG","RUB","EUR","1800-01-01","1","1","",
"000","AVG","RUB","JPY","1800-01-01","1","1","",
"000","AVG","RUB","UAH","1800-01-01","1","1","",
"000","AVG","RUB","USD","1800-01-01","1","1","",
"000","AVG","SAR","EUR","1800-01-01","1","1","",
"000","AVG","SAR","JPY","1800-01-01","1","100","",
"000","AVG","SAR","USD","1800-01-01","1","1","",
"000","AVG","SEK","CHF","1800-01-01","1","1","",
"000","AVG","SEK","DKK","1800-01-01","1","1","",
"000","AVG","SEK","EUR","1800-01-01","1","1","",
"000","AVG","SEK","GBP","1800-01-01","1","1","",
"000","AVG","SEK","JPY","1800-01-01","1","100","",
"000","AVG","SEK","NOK","1800-01-01","1","1","",
"000","AVG","SEK","USD","1800-01-01","1","1","",
"000","AVG","SGD","AED","1800-01-01","1","1","",
"000","AVG","SGD","AUD","1800-01-01","1","1","",
"000","AVG","SGD","BRL","1800-01-01","1","1","",
"000","AVG","SGD","CAD","1800-01-01","1","1","",
"000","AVG","SGD","CHF","1800-01-01","1","1","",
"000","AVG","SGD","CNY","1800-01-01","1","1","",
"000","AVG","SGD","COP","1800-01-01","1","1000","",
"000","AVG","SGD","EUR","1800-01-01","1","1","",
"000","AVG","SGD","GBP","1800-01-01","1","1","",
"000","AVG","SGD","HKD","1800-01-01","1","1","",
"000","AVG","SGD","HUF","1800-01-01","1","100","",
"000","AVG","SGD","INR","1800-01-01","1","100","",
"000","AVG","SGD","JPY","1800-01-01","1","100","",
"000","AVG","SGD","MYR","1800-01-01","1","1","",
"000","AVG","SGD","PHP","1800-01-01","1","100","",
"000","AVG","SGD","USD","1800-01-01","1","1","",
"000","AVG","THB","EUR","1800-01-01","1","1","",
"000","AVG","THB","JPY","1800-01-01","1","1","",
"000","AVG","THB","USD","1800-01-01","1","1","",
"000","AVG","TRY","EUR","1800-01-01","1","1","",
"000","AVG","TRY","JPY","1800-01-01","1","100","",
"000","AVG","TRY","USD","1800-01-01","1","1","",
"000","AVG","TWD","EUR","1800-01-01","1","1","",
"000","AVG","TWD","JPY","1800-01-01","1","1","",
"000","AVG","TWD","USD","1800-01-01","1","1","",
"000","AVG","UAH","EUR","1800-01-01","1","1","",
"000","AVG","UAH","JPY","1800-01-01","1","1","",
"000","AVG","UAH","RUB","1800-01-01","1","1","",
"000","AVG","UAH","USD","1800-01-01","1","1","",
"000","AVG","USD","AED","1800-01-01","1","1","",
"000","AVG","USD","ARS","1800-01-01","1","1","",
"000","AVG","USD","AUD","1800-01-01","1","1","",
"000","AVG","USD","BGN","1800-01-01","1","1","",
"000","AVG","USD","BRL","1800-01-01","1","1","",
"000","AVG","USD","CAD","1800-01-01","1","1","",
"000","AVG","USD","CHF","1800-01-01","1","1","",
"000","AVG","USD","CLP","1800-01-01","1","100","",
"000","AVG","USD","CNY","1800-01-01","1","1","",
"000","AVG","USD","COP","1800-01-01","1","1000","",
"000","AVG","USD","CZK","1800-01-01","1","1","",
"000","AVG","USD","DKK","1800-01-01","1","1","",
"000","AVG","USD","EUR","1800-01-01","1","1","",
"000","AVG","USD","GBP","1800-01-01","1","1","",
"000","AVG","USD","HKD","1800-01-01","1","1","",
"000","AVG","USD","HRK","1800-01-01","1","1","",
"000","AVG","USD","HUF","1800-01-01","1","100","",
"000","AVG","USD","IDR","1800-01-01","1","1000","",
"000","AVG","USD","ILS","1800-01-01","1","1","",
"000","AVG","USD","INR","1800-01-01","1","100","",
"000","AVG","USD","JPY","1800-01-01","1","100","",
"000","AVG","USD","KRW","1800-01-01","1","1","",
"000","AVG","USD","KWD","1800-01-01","1","1","",
"000","AVG","USD","KZT","1800-01-01","1","1","",
"000","AVG","USD","MXN","1800-01-01","1","100","",
"000","AVG","USD","MYR","1800-01-01","1","1","",
"000","AVG","USD","NOK","1800-01-01","1","1","",
"000","AVG","USD","NZD","1800-01-01","1","1","",
"000","AVG","USD","OMR","1800-01-01","1","1","",
"000","AVG","USD","PEN","1800-01-01","1","1","",
"000","AVG","USD","PHP","1800-01-01","1","100","",
"000","AVG","USD","PLN","1800-01-01","1","1","",
"000","AVG","USD","QAR","1800-01-01","1","1","",
"000","AVG","USD","RON","1800-01-01","1","1","",
"000","AVG","USD","RSD","1800-01-01","1","100","",
"000","AVG","USD","RUB","1800-01-01","1","100","",
"000","AVG","USD","SAR","1800-01-01","1","1","",
"000","AVG","USD","SEK","1800-01-01","1","1","",
"000","AVG","USD","SGD","1800-01-01","1","1","",
"000","AVG","USD","THB","1800-01-01","1","100","",
"000","AVG","USD","TRY","1800-01-01","1","1","",
"000","AVG","USD","TWD","1800-01-01","1","100","",
"000","AVG","USD","UAH","1800-01-01","1","100","",
"000","AVG","USD","VEF","1800-01-01","1","1","",
"000","AVG","USD","ZAR","1800-01-01","1","1","",
"000","AVG","VEF","ARS","1800-01-01","1","1","",
"000","AVG","VEF","BRL","1800-01-01","1","1","",
"000","AVG","VEF","CAD","1800-01-01","1","1","",
"000","AVG","VEF","CLP","1800-01-01","1","100","",
"000","AVG","VEF","EUR","1800-01-01","1","1","",
"000","AVG","VEF","JPY","1800-01-01","1","1","",
"000","AVG","VEF","PEN","1800-01-01","1","1","",
"000","AVG","VEF","USD","1800-01-01","1","1","",
"000","AVG","ZAR","EUR","1800-01-01","1","1","",
"000","AVG","ZAR","JPY","1800-01-01","1","1","",
"000","AVG","ZAR","USD","1800-01-01","1","1","",
"000","AVG1","AUD","EUR","1800-01-01","1","1","",
"000","AVG1","EUR","AUD","1800-01-01","1","1","",
"000","AVG1","EUR","JPY","1800-01-01","1","100","",
"000","AVG1","EUR","USD","1800-01-01","1","1","",
"000","AVG1","JPY","EUR","1800-01-01","100","1","",
"000","AVG1","USD","EUR","1800-01-01","1","1","",
"000","CLO","AED","AUD","1800-01-01","1","1","",
"000","CLO","AED","BRL","1800-01-01","1","1","",
"000","CLO","AED","CAD","1800-01-01","1","1","",
"000","CLO","AED","CHF","1800-01-01","1","1","",
"000","CLO","AED","CNY","1800-01-01","1","1","",
"000","CLO","AED","COP","1800-01-01","1","1000","",
"000","CLO","AED","EUR","1800-01-01","1","1","",
"000","CLO","AED","GBP","1800-01-01","1","1","",
"000","CLO","AED","HKD","1800-01-01","1","1","",
"000","CLO","AED","HUF","1800-01-01","1","100","",
"000","CLO","AED","INR","1800-01-01","1","100","",
"000","CLO","AED","JPY","1800-01-01","1","100","",
"000","CLO","AED","MYR","1800-01-01","1","1","",
"000","CLO","AED","PHP","1800-01-01","1","100","",
"000","CLO","AED","SGD","1800-01-01","1","1","",
"000","CLO","AED","USD","1800-01-01","1","1","",
"000","CLO","ARS","BRL","1800-01-01","1","1","",
"000","CLO","ARS","CAD","1800-01-01","1","1","",
"000","CLO","ARS","CLP","1800-01-01","1","100","",
"000","CLO","ARS","COP","1800-01-01","1","1000","",
"000","CLO","ARS","EUR","1800-01-01","1","1","",
"000","CLO","ARS","JPY","1800-01-01","1","1","",
"000","CLO","ARS","MXN","1800-01-01","1","1","",
"000","CLO","ARS","PEN","1800-01-01","1","1","",
"000","CLO","ARS","USD","1800-01-01","1","1","",
"000","CLO","ARS","VEF","1800-01-01","1","1","",
"000","CLO","AUD","AED","1800-01-01","1","1","",
"000","CLO","AUD","BRL","1800-01-01","1","1","",
"000","CLO","AUD","CAD","1800-01-01","1","1","",
"000","CLO","AUD","CHF","1800-01-01","1","1","",
"000","CLO","AUD","CNY","1800-01-01","1","1","",
"000","CLO","AUD","COP","1800-01-01","1","1000","",
"000","CLO","AUD","EUR","1800-01-01","1","1","",
"000","CLO","AUD","GBP","1800-01-01","1","1","",
"000","CLO","AUD","HKD","1800-01-01","1","1","",
"000","CLO","AUD","HUF","1800-01-01","1","100","",
"000","CLO","AUD","INR","1800-01-01","1","100","",
"000","CLO","AUD","JPY","1800-01-01","1","100","",
"000","CLO","AUD","MYR","1800-01-01","1","1","",
"000","CLO","AUD","NZD","1800-01-01","1","1","",
"000","CLO","AUD","PHP","1800-01-01","1","100","",
"000","CLO","AUD","SGD","1800-01-01","1","1","",
"000","CLO","AUD","USD","1800-01-01","1","1","",
"000","CLO","BGN","EUR","1800-01-01","1","1","",
"000","CLO","BGN","JPY","1800-01-01","1","1","",
"000","CLO","BGN","USD","1800-01-01","1","1","",
"000","CLO","BRL","AED","1800-01-01","1","1","",
"000","CLO","BRL","ARS","1800-01-01","1","1","",
"000","CLO","BRL","AUD","1800-01-01","1","1","",
"000","CLO","BRL","CAD","1800-01-01","1","1","",
"000","CLO","BRL","CHF","1800-01-01","1","1","",
"000","CLO","BRL","CLP","1800-01-01","1","100","",
"000","CLO","BRL","CNY","1800-01-01","1","1","",
"000","CLO","BRL","COP","1800-01-01","1","1000","",
"000","CLO","BRL","EUR","1800-01-01","1","1","",
"000","CLO","BRL","GBP","1800-01-01","1","1","",
"000","CLO","BRL","HKD","1800-01-01","1","1","",
"000","CLO","BRL","HUF","1800-01-01","1","100","",
"000","CLO","BRL","INR","1800-01-01","1","100","",
"000","CLO","BRL","JPY","1800-01-01","1","100","",
"000","CLO","BRL","MXN","1800-01-01","1","1","",
"000","CLO","BRL","MYR","1800-01-01","1","1","",
"000","CLO","BRL","PEN","1800-01-01","1","1","",
"000","CLO","BRL","PHP","1800-01-01","1","100","",
"000","CLO","BRL","SGD","1800-01-01","1","1","",
"000","CLO","BRL","USD","1800-01-01","1","1","",
"000","CLO","BRL","VEF","1800-01-01","1","1","",
"000","CLO","CAD","AED","1800-01-01","1","1","",
"000","CLO","CAD","ARS","1800-01-01","1","1","",
"000","CLO","CAD","BRL","1800-01-01","1","1","",
"000","CLO","CAD","CHF","1800-01-01","1","1","",
"000","CLO","CAD","CLP","1800-01-01","1","100","",
"000","CLO","CAD","CNY","1800-01-01","1","1","",
"000","CLO","CAD","COP","1800-01-01","1","1000","",
"000","CLO","CAD","EUR","1800-01-01","1","1","",
"000","CLO","CAD","GBP","1800-01-01","1","1","",
"000","CLO","CAD","HKD","1800-01-01","1","1","",
"000","CLO","CAD","HUF","1800-01-01","1","100","",
"000","CLO","CAD","INR","1800-01-01","1","100","",
"000","CLO","CAD","JPY","1800-01-01","1","100","",
"000","CLO","CAD","MXN","1800-01-01","1","100","",
"000","CLO","CAD","MYR","1800-01-01","1","1","",
"000","CLO","CAD","PEN","1800-01-01","1","1","",
"000","CLO","CAD","PHP","1800-01-01","1","100","",
"000","CLO","CAD","SGD","1800-01-01","1","1","",
"000","CLO","CAD","USD","1800-01-01","1","1","",
"000","CLO","CAD","VEF","1800-01-01","1","1","",
"000","CLO","CHF","AED","1800-01-01","1","1","",
"000","CLO","CHF","AUD","1800-01-01","1","1","",
"000","CLO","CHF","BRL","1800-01-01","1","1","",
"000","CLO","CHF","CAD","1800-01-01","1","1","",
"000","CLO","CHF","CNY","1800-01-01","1","1","",
"000","CLO","CHF","COP","1800-01-01","1","1000","",
"000","CLO","CHF","DKK","1800-01-01","1","1","",
"000","CLO","CHF","EUR","1800-01-01","1","1","",
"000","CLO","CHF","GBP","1800-01-01","1","1","",
"000","CLO","CHF","HKD","1800-01-01","1","1","",
"000","CLO","CHF","HUF","1800-01-01","1","100","",
"000","CLO","CHF","INR","1800-01-01","1","100","",
"000","CLO","CHF","JPY","1800-01-01","1","100","",
"000","CLO","CHF","MYR","1800-01-01","1","1","",
"000","CLO","CHF","NOK","1800-01-01","1","1","",
"000","CLO","CHF","PHP","1800-01-01","1","100","",
"000","CLO","CHF","SEK","1800-01-01","1","1","",
"000","CLO","CHF","SGD","1800-01-01","1","1","",
"000","CLO","CHF","USD","1800-01-01","1","1","",
"000","CLO","CLP","ARS","1800-01-01","100","1","",
"000","CLO","CLP","BRL","1800-01-01","100","1","",
"000","CLO","CLP","CAD","1800-01-01","100","1","",
"000","CLO","CLP","COP","1800-01-01","1","1","",
"000","CLO","CLP","EUR","1800-01-01","1","1","",
"000","CLO","CLP","JPY","1800-01-01","1","1","",
"000","CLO","CLP","MXN","1800-01-01","100","1","",
"000","CLO","CLP","PEN","1800-01-01","100","1","",
"000","CLO","CLP","USD","1800-01-01","1","1","",
"000","CLO","CLP","VEF","1800-01-01","100","1","",
"000","CLO","CNY","AED","1800-01-01","1","1","",
"000","CLO","CNY","AUD","1800-01-01","1","1","",
"000","CLO","CNY","BRL","1800-01-01","1","1","",
"000","CLO","CNY","CAD","1800-01-01","1","1","",
"000","CLO","CNY","CHF","1800-01-01","1","1","",
"000","CLO","CNY","COP","1800-01-01","1","1000","",
"000","CLO","CNY","EUR","1800-01-01","1","1","",
"000","CLO","CNY","GBP","1800-01-01","1","1","",
"000","CLO","CNY","HKD","1800-01-01","1","1","",
"000","CLO","CNY","HUF","1800-01-01","1","100","",
"000","CLO","CNY","INR","1800-01-01","1","100","",
"000","CLO","CNY","JPY","1800-01-01","1","100","",
"000","CLO","CNY","MYR","1800-01-01","1","1","",
"000","CLO","CNY","PHP","1800-01-01","1","100","",
"000","CLO","CNY","SGD","1800-01-01","1","1","",
"000","CLO","CNY","USD","1800-01-01","1","1","",
"000","CLO","COP","AED","1800-01-01","1000","1","",
"000","CLO","COP","ARS","1800-01-01","1000","1","",
"000","CLO","COP","AUD","1800-01-01","1000","1","",
"000","CLO","COP","BRL","1800-01-01","1000","1","",
"000","CLO","COP","CAD","1800-01-01","1000","1","",
"000","CLO","COP","CHF","1800-01-01","1000","1","",
"000","CLO","COP","CLP","1800-01-01","1","1","",
"000","CLO","COP","CNY","1800-01-01","1000","1","",
"000","CLO","COP","EUR","1800-01-01","1000","1","",
"000","CLO","COP","GBP","1800-01-01","1000","1","",
"000","CLO","COP","HKD","1800-01-01","1000","1","",
"000","CLO","COP","HUF","1800-01-01","100","1","",
"000","CLO","COP","INR","1800-01-01","100","1","",
"000","CLO","COP","JPY","1800-01-01","100","1","",
"000","CLO","COP","MYR","1800-01-01","1000","1","",
"000","CLO","COP","PEN","1800-01-01","1000","1","",
"000","CLO","COP","PHP","1800-01-01","100","1","",
"000","CLO","COP","SGD","1800-01-01","1000","1","",
"000","CLO","COP","USD","1800-01-01","1000","1","",
"000","CLO","CZK","EUR","1800-01-01","1","1","",
"000","CLO","CZK","JPY","1800-01-01","1","100","",
"000","CLO","CZK","USD","1800-01-01","1","1","",
"000","CLO","DKK","CHF","1800-01-01","1","1","",
"000","CLO","DKK","EUR","1800-01-01","1","1","",
"000","CLO","DKK","GBP","1800-01-01","1","1","",
"000","CLO","DKK","JPY","1800-01-01","1","100","",
"000","CLO","DKK","NOK","1800-01-01","1","1","",
"000","CLO","DKK","SEK","1800-01-01","1","1","",
"000","CLO","DKK","USD","1800-01-01","1","1","",
"000","CLO","EUR","AED","1800-01-01","1","1","",
"000","CLO","EUR","ARS","1800-01-01","1","1","",
"000","CLO","EUR","AUD","1800-01-01","1","1","",
"000","CLO","EUR","BGN","1800-01-01","1","1","",
"000","CLO","EUR","BRL","1800-01-01","1","1","",
"000","CLO","EUR","CAD","1800-01-01","1","1","",
"000","CLO","EUR","CHF","1800-01-01","1","1","",
"000","CLO","EUR","CLP","1800-01-01","1","100","",
"000","CLO","EUR","CNY","1800-01-01","1","1","",
"000","CLO","EUR","COP","1800-01-01","1","1000","",
"000","CLO","EUR","CZK","1800-01-01","1","1","",
"000","CLO","EUR","DKK","1800-01-01","1","1","",
"000","CLO","EUR","GBP","1800-01-01","1","1","",
"000","CLO","EUR","HKD","1800-01-01","1","1","",
"000","CLO","EUR","HRK","1800-01-01","1","1","",
"000","CLO","EUR","HUF","1800-01-01","1","100","",
"000","CLO","EUR","IDR","1800-01-01","1","1000","",
"000","CLO","EUR","ILS","1800-01-01","1","1","",
"000","CLO","EUR","INR","1800-01-01","1","100","",
"000","CLO","EUR","JPY","1800-01-01","1","100","",
"000","CLO","EUR","KRW","1800-01-01","1","1","",
"000","CLO","EUR","KWD","1800-01-01","1","1","",
"000","CLO","EUR","KZT","1800-01-01","1","1","",
"000","CLO","EUR","MXN","1800-01-01","1","100","",
"000","CLO","EUR","MYR","1800-01-01","1","1","",
"000","CLO","EUR","NOK","1800-01-01","1","1","",
"000","CLO","EUR","NZD","1800-01-01","1","1","",
"000","CLO","EUR","OMR","1800-01-01","1","1","",
"000","CLO","EUR","PEN","1800-01-01","1","1","",
"000","CLO","EUR","PHP","1800-01-01","1","100","",
"000","CLO","EUR","PLN","1800-01-01","1","1","",
"000","CLO","EUR","QAR","1800-01-01","1","1","",
"000","CLO","EUR","RON","1800-01-01","1","1","",
"000","CLO","EUR","RSD","1800-01-01","1","100","",
"000","CLO","EUR","RUB","1800-01-01","1","100","",
"000","CLO","EUR","SAR","1800-01-01","1","1","",
"000","CLO","EUR","SEK","1800-01-01","1","1","",
"000","CLO","EUR","SGD","1800-01-01","1","1","",
"000","CLO","EUR","THB","1800-01-01","1","1","",
"000","CLO","EUR","TRY","1800-01-01","1","1","",
"000","CLO","EUR","TWD","1800-01-01","1","100","",
"000","CLO","EUR","UAH","1800-01-01","1","100","",
"000","CLO","EUR","USD","1800-01-01","1","1","",
"000","CLO","EUR","VEF","1800-01-01","1","1","",
"000","CLO","EUR","ZAR","1800-01-01","1","1","",
"000","CLO","GBP","AED","1800-01-01","1","1","",
"000","CLO","GBP","AUD","1800-01-01","1","1","",
"000","CLO","GBP","BRL","1800-01-01","1","1","",
"000","CLO","GBP","CAD","1800-01-01","1","1","",
"000","CLO","GBP","CHF","1800-01-01","1","1","",
"000","CLO","GBP","CNY","1800-01-01","1","1","",
"000","CLO","GBP","COP","1800-01-01","1","1000","",
"000","CLO","GBP","DKK","1800-01-01","1","1","",
"000","CLO","GBP","EUR","1800-01-01","1","1","",
"000","CLO","GBP","HKD","1800-01-01","1","1","",
"000","CLO","GBP","HUF","1800-01-01","1","100","",
"000","CLO","GBP","INR","1800-01-01","1","100","",
"000","CLO","GBP","JPY","1800-01-01","1","1","",
"000","CLO","GBP","MYR","1800-01-01","1","1","",
"000","CLO","GBP","NOK","1800-01-01","1","1","",
"000","CLO","GBP","PHP","1800-01-01","1","100","",
"000","CLO","GBP","SEK","1800-01-01","1","1","",
"000","CLO","GBP","SGD","1800-01-01","1","1","",
"000","CLO","GBP","USD","1800-01-01","1","1","",
"000","CLO","HKD","AED","1800-01-01","1","1","",
"000","CLO","HKD","AUD","1800-01-01","1","1","",
"000","CLO","HKD","BRL","1800-01-01","1","1","",
"000","CLO","HKD","CAD","1800-01-01","1","1","",
"000","CLO","HKD","CHF","1800-01-01","1","1","",
"000","CLO","HKD","CNY","1800-01-01","1","1","",
"000","CLO","HKD","COP","1800-01-01","1","1000","",
"000","CLO","HKD","EUR","1800-01-01","1","1","",
"000","CLO","HKD","GBP","1800-01-01","1","1","",
"000","CLO","HKD","HUF","1800-01-01","1","100","",
"000","CLO","HKD","INR","1800-01-01","1","100","",
"000","CLO","HKD","JPY","1800-01-01","1","100","",
"000","CLO","HKD","MYR","1800-01-01","1","1","",
"000","CLO","HKD","PHP","1800-01-01","1","100","",
"000","CLO","HKD","SGD","1800-01-01","1","1","",
"000","CLO","HKD","USD","1800-01-01","1","1","",
"000","CLO","HRK","EUR","1800-01-01","1","1","",
"000","CLO","HRK","JPY","1800-01-01","1","100","",
"000","CLO","HRK","USD","1800-01-01","1","1","",
"000","CLO","HUF","AED","1800-01-01","100","1","",
"000","CLO","HUF","AUD","1800-01-01","100","1","",
"000","CLO","HUF","BRL","1800-01-01","100","1","",
"000","CLO","HUF","CAD","1800-01-01","100","1","",
"000","CLO","HUF","CHF","1800-01-01","100","1","",
"000","CLO","HUF","CNY","1800-01-01","100","1","",
"000","CLO","HUF","COP","1800-01-01","1","100","",
"000","CLO","HUF","EUR","1800-01-01","1","1","",
"000","CLO","HUF","GBP","1800-01-01","100","1","",
"000","CLO","HUF","HKD","1800-01-01","100","1","",
"000","CLO","HUF","INR","1800-01-01","1","1","",
"000","CLO","HUF","JPY","1800-01-01","1","1","",
"000","CLO","HUF","MYR","1800-01-01","100","1","",
"000","CLO","HUF","PHP","1800-01-01","1","1","",
"000","CLO","HUF","SGD","1800-01-01","100","1","",
"000","CLO","HUF","USD","1800-01-01","1","1","",
"000","CLO","IDR","EUR","1800-01-01","1000","1","",
"000","CLO","IDR","JPY","1800-01-01","100","1","",
"000","CLO","IDR","USD","1800-01-01","1000","1","",
"000","CLO","ILS","EUR","1800-01-01","1","1","",
"000","CLO","ILS","JPY","1800-01-01","1","100","",
"000","CLO","ILS","USD","1800-01-01","1","1","",
"000","CLO","INR","AED","1800-01-01","1","1","",
"000","CLO","INR","BRL","1800-01-01","100","1","",
"000","CLO","INR","CNY","1800-01-01","100","1","",
"000","CLO","INR","COP","1800-01-01","1","100","",
"000","CLO","INR","EUR","1800-01-01","1","1","",
"000","CLO","INR","HKD","1800-01-01","1","100","",
"000","CLO","INR","HUF","1800-01-01","1","1","",
"000","CLO","INR","JPY","1800-01-01","1","1","",
"000","CLO","INR","MYR","1800-01-01","1","1","",
"000","CLO","INR","PHP","1800-01-01","1","1","",
"000","CLO","INR","SGD","1800-01-01","100","1","",
"000","CLO","INR","USD","1800-01-01","1","1","",
"000","CLO","JPY","AED","1800-01-01","1","1","",
"000","CLO","JPY","ARS","1800-01-01","1","1","",
"000","CLO","JPY","AUD","1800-01-01","100","1","",
"000","CLO","JPY","BGN","1800-01-01","1","1","",
"000","CLO","JPY","BRL","1800-01-01","100","1","",
"000","CLO","JPY","CAD","1800-01-01","100","1","",
"000","CLO","JPY","CHF","1800-01-01","100","1","",
"000","CLO","JPY","CLP","1800-01-01","1","1","",
"000","CLO","JPY","CNY","1800-01-01","100","1","",
"000","CLO","JPY","COP","1800-01-01","1","1","",
"000","CLO","JPY","CZK","1800-01-01","100","1","",
"000","CLO","JPY","DKK","1800-01-01","100","1","",
"000","CLO","JPY","EUR","1800-01-01","100","1","",
"000","CLO","JPY","GBP","1800-01-01","1","1","",
"000","CLO","JPY","HKD","1800-01-01","100","1","",
"000","CLO","JPY","HRK","1800-01-01","100","1","",
"000","CLO","JPY","HUF","1800-01-01","1","1","",
"000","CLO","JPY","IDR","1800-01-01","1","100","",
"000","CLO","JPY","ILS","1800-01-01","100","1","",
"000","CLO","JPY","INR","1800-01-01","1","1","",
"000","CLO","JPY","KRW","1800-01-01","100","1","",
"000","CLO","JPY","KWD","1800-01-01","100","1","",
"000","CLO","JPY","KZT","1800-01-01","1","1","",
"000","CLO","JPY","MXN","1800-01-01","1","1","",
"000","CLO","JPY","MYR","1800-01-01","100","1","",
"000","CLO","JPY","NOK","1800-01-01","100","1","",
"000","CLO","JPY","NZD","1800-01-01","100","1","",
"000","CLO","JPY","OMR","1800-01-01","100","1","",
"000","CLO","JPY","PEN","1800-01-01","100","1","",
"000","CLO","JPY","PHP","1800-01-01","1","1","",
"000","CLO","JPY","PLN","1800-01-01","100","1","",
"000","CLO","JPY","QAR","1800-01-01","100","1","",
"000","CLO","JPY","RON","1800-01-01","100","1","",
"000","CLO","JPY","RSD","1800-01-01","1","1","",
"000","CLO","JPY","RUB","1800-01-01","1","1","",
"000","CLO","JPY","SAR","1800-01-01","100","1","",
"000","CLO","JPY","SEK","1800-01-01","100","1","",
"000","CLO","JPY","SGD","1800-01-01","100","1","",
"000","CLO","JPY","THB","1800-01-01","1","1","",
"000","CLO","JPY","TRY","1800-01-01","100","1","",
"000","CLO","JPY","TWD","1800-01-01","1","1","",
"000","CLO","JPY","UAH","1800-01-01","1","1","",
"000","CLO","JPY","USD","1800-01-01","100","1","",
"000","CLO","JPY","VEF","1800-01-01","1","1","",
"000","CLO","JPY","ZAR","1800-01-01","1","1","",
"000","CLO","KRW","EUR","1800-01-01","1","1","",
"000","CLO","KRW","JPY","1800-01-01","1","1","",
"000","CLO","KRW","USD","1800-01-01","1","1","",
"000","CLO","KWD","EUR","1800-01-01","1","1","",
"000","CLO","KWD","JPY","1800-01-01","1","100","",
"000","CLO","KWD","USD","1800-01-01","1","1","",
"000","CLO","KZT","EUR","1800-01-01","1","1","",
"000","CLO","KZT","JPY","1800-01-01","1","1","",
"000","CLO","KZT","USD","1800-01-01","1","1","",
"000","CLO","MXN","ARS","1800-01-01","1","1","",
"000","CLO","MXN","BRL","1800-01-01","1","1","",
"000","CLO","MXN","CAD","1800-01-01","100","1","",
"000","CLO","MXN","CLP","1800-01-01","1","100","",
"000","CLO","MXN","EUR","1800-01-01","1","1","",
"000","CLO","MXN","JPY","1800-01-01","1","1","",
"000","CLO","MXN","PEN","1800-01-01","1","1","",
"000","CLO","MXN","USD","1800-01-01","1","1","",
"000","CLO","MYR","AED","1800-01-01","1","1","",
"000","CLO","MYR","BRL","1800-01-01","1","1","",
"000","CLO","MYR","CNY","1800-01-01","1","1","",
"000","CLO","MYR","COP","1800-01-01","1","1000","",
"000","CLO","MYR","EUR","1800-01-01","1","1","",
"000","CLO","MYR","HKD","1800-01-01","1","1","",
"000","CLO","MYR","HUF","1800-01-01","1","100","",
"000","CLO","MYR","INR","1800-01-01","1","1","",
"000","CLO","MYR","JPY","1800-01-01","1","100","",
"000","CLO","MYR","PHP","1800-01-01","1","100","",
"000","CLO","MYR","SGD","1800-01-01","1","1","",
"000","CLO","MYR","USD","1800-01-01","1","1","",
"000","CLO","NOK","CHF","1800-01-01","1","1","",
"000","CLO","NOK","DKK","1800-01-01","1","1","",
"000","CLO","NOK","EUR","1800-01-01","1","1","",
"000","CLO","NOK","GBP","1800-01-01","1","1","",
"000","CLO","NOK","JPY","1800-01-01","1","100","",
"000","CLO","NOK","SEK","1800-01-01","1","1","",
"000","CLO","NOK","USD","1800-01-01","1","1","",
"000","CLO","NZD","AUD","1800-01-01","1","1","",
"000","CLO","NZD","EUR","1800-01-01","1","1","",
"000","CLO","NZD","JPY","1800-01-01","1","100","",
"000","CLO","NZD","USD","1800-01-01","1","1","",
"000","CLO","OMR","EUR","1800-01-01","1","1","",
"000","CLO","OMR","JPY","1800-01-01","1","100","",
"000","CLO","OMR","USD","1800-01-01","1","1","",
"000","CLO","PEN","ARS","1800-01-01","1","1","",
"000","CLO","PEN","BRL","1800-01-01","1","1","",
"000","CLO","PEN","CAD","1800-01-01","1","1","",
"000","CLO","PEN","CLP","1800-01-01","1","100","",
"000","CLO","PEN","COP","1800-01-01","1","1000","",
"000","CLO","PEN","EUR","1800-01-01","1","1","",
"000","CLO","PEN","JPY","1800-01-01","1","100","",
"000","CLO","PEN","MXN","1800-01-01","1","1","",
"000","CLO","PEN","USD","1800-01-01","1","1","",
"000","CLO","PEN","VEF","1800-01-01","1","1","",
"000","CLO","PHP","AED","1800-01-01","100","1","",
"000","CLO","PHP","AUD","1800-01-01","100","1","",
"000","CLO","PHP","BRL","1800-01-01","100","1","",
"000","CLO","PHP","CAD","1800-01-01","100","1","",
"000","CLO","PHP","CHF","1800-01-01","100","1","",
"000","CLO","PHP","CNY","1800-01-01","100","1","",
"000","CLO","PHP","COP","1800-01-01","1","100","",
"000","CLO","PHP","EUR","1800-01-01","1","1","",
"000","CLO","PHP","GBP","1800-01-01","100","1","",
"000","CLO","PHP","HKD","1800-01-01","100","1","",
"000","CLO","PHP","HUF","1800-01-01","1","1","",
"000","CLO","PHP","INR","1800-01-01","1","1","",
"000","CLO","PHP","JPY","1800-01-01","1","1","",
"000","CLO","PHP","MYR","1800-01-01","100","1","",
"000","CLO","PHP","SGD","1800-01-01","100","1","",
"000","CLO","PHP","USD","1800-01-01","1","1","",
"000","CLO","PLN","EUR","1800-01-01","1","1","",
"000","CLO","PLN","JPY","1800-01-01","1","100","",
"000","CLO","PLN","USD","1800-01-01","1","1","",
"000","CLO","QAR","EUR","1800-01-01","1","1","",
"000","CLO","QAR","JPY","1800-01-01","1","100","",
"000","CLO","QAR","USD","1800-01-01","1","1","",
"000","CLO","RON","EUR","1800-01-01","1","1","",
"000","CLO","RON","JPY","1800-01-01","1","100","",
"000","CLO","RON","USD","1800-01-01","1","1","",
"000","CLO","RSD","EUR","1800-01-01","1","1","",
"000","CLO","RSD","JPY","1800-01-01","1","1","",
"000","CLO","RSD","USD","1800-01-01","1","1","",
"000","CLO","RUB","EUR","1800-01-01","1","1","",
"000","CLO","RUB","JPY","1800-01-01","1","1","",
"000","CLO","RUB","UAH","1800-01-01","1","1","",
"000","CLO","RUB","USD","1800-01-01","1","1","",
"000","CLO","SAR","EUR","1800-01-01","1","1","",
"000","CLO","SAR","JPY","1800-01-01","1","100","",
"000","CLO","SAR","USD","1800-01-01","1","1","",
"000","CLO","SEK","CHF","1800-01-01","1","1","",
"000","CLO","SEK","DKK","1800-01-01","1","1","",
"000","CLO","SEK","EUR","1800-01-01","1","1","",
"000","CLO","SEK","GBP","1800-01-01","1","1","",
"000","CLO","SEK","JPY","1800-01-01","1","100","",
"000","CLO","SEK","NOK","1800-01-01","1","1","",
"000","CLO","SEK","USD","1800-01-01","1","1","",
"000","CLO","SGD","AED","1800-01-01","1","1","",
"000","CLO","SGD","AUD","1800-01-01","1","1","",
"000","CLO","SGD","BRL","1800-01-01","1","1","",
"000","CLO","SGD","CAD","1800-01-01","1","1","",
"000","CLO","SGD","CHF","1800-01-01","1","1","",
"000","CLO","SGD","CNY","1800-01-01","1","1","",
"000","CLO","SGD","COP","1800-01-01","1","1000","",
"000","CLO","SGD","EUR","1800-01-01","1","1","",
"000","CLO","SGD","GBP","1800-01-01","1","1","",
"000","CLO","SGD","HKD","1800-01-01","1","1","",
"000","CLO","SGD","HUF","1800-01-01","1","100","",
"000","CLO","SGD","INR","1800-01-01","1","100","",
"000","CLO","SGD","JPY","1800-01-01","1","100","",
"000","CLO","SGD","MYR","1800-01-01","1","1","",
"000","CLO","SGD","PHP","1800-01-01","1","100","",
"000","CLO","SGD","USD","1800-01-01","1","1","",
"000","CLO","THB","EUR","1800-01-01","1","1","",
"000","CLO","THB","JPY","1800-01-01","1","1","",
"000","CLO","THB","USD","1800-01-01","1","1","",
"000","CLO","TRY","EUR","1800-01-01","1","1","",
"000","CLO","TRY","JPY","1800-01-01","1","100","",
"000","CLO","TRY","USD","1800-01-01","1","1","",
"000","CLO","TWD","EUR","1800-01-01","1","1","",
"000","CLO","TWD","JPY","1800-01-01","1","1","",
"000","CLO","TWD","USD","1800-01-01","1","1","",
"000","CLO","UAH","EUR","1800-01-01","1","1","",
"000","CLO","UAH","JPY","1800-01-01","1","1","",
"000","CLO","UAH","RUB","1800-01-01","1","1","",
"000","CLO","UAH","USD","1800-01-01","1","1","",
"000","CLO","USD","AED","1800-01-01","1","1","",
"000","CLO","USD","ARS","1800-01-01","1","1","",
"000","CLO","USD","AUD","1800-01-01","1","1","",
"000","CLO","USD","BGN","1800-01-01","1","1","",
"000","CLO","USD","BRL","1800-01-01","1","1","",
"000","CLO","USD","CAD","1800-01-01","1","1","",
"000","CLO","USD","CHF","1800-01-01","1","1","",
"000","CLO","USD","CLP","1800-01-01","1","100","",
"000","CLO","USD","CNY","1800-01-01","1","1","",
"000","CLO","USD","COP","1800-01-01","1","1000","",
"000","CLO","USD","CZK","1800-01-01","1","1","",
"000","CLO","USD","DKK","1800-01-01","1","1","",
"000","CLO","USD","EUR","1800-01-01","1","1","",
"000","CLO","USD","GBP","1800-01-01","1","1","",
"000","CLO","USD","HKD","1800-01-01","1","1","",
"000","CLO","USD","HRK","1800-01-01","1","1","",
"000","CLO","USD","HUF","1800-01-01","1","100","",
"000","CLO","USD","IDR","1800-01-01","1","1000","",
"000","CLO","USD","ILS","1800-01-01","1","1","",
"000","CLO","USD","INR","1800-01-01","1","100","",
"000","CLO","USD","JPY","1800-01-01","1","100","",
"000","CLO","USD","KRW","1800-01-01","1","1","",
"000","CLO","USD","KWD","1800-01-01","1","1","",
"000","CLO","USD","KZT","1800-01-01","1","1","",
"000","CLO","USD","MXN","1800-01-01","1","100","",
"000","CLO","USD","MYR","1800-01-01","1","1","",
"000","CLO","USD","NOK","1800-01-01","1","1","",
"000","CLO","USD","NZD","1800-01-01","1","1","",
"000","CLO","USD","OMR","1800-01-01","1","1","",
"000","CLO","USD","PEN","1800-01-01","1","1","",
"000","CLO","USD","PHP","1800-01-01","1","100","",
"000","CLO","USD","PLN","1800-01-01","1","1","",
"000","CLO","USD","QAR","1800-01-01","1","1","",
"000","CLO","USD","RON","1800-01-01","1","1","",
"000","CLO","USD","RSD","1800-01-01","1","100","",
"000","CLO","USD","RUB","1800-01-01","1","100","",
"000","CLO","USD","SAR","1800-01-01","1","1","",
"000","CLO","USD","SEK","1800-01-01","1","1","",
"000","CLO","USD","SGD","1800-01-01","1","1","",
"000","CLO","USD","THB","1800-01-01","1","100","",
"000","CLO","USD","TRY","1800-01-01","1","1","",
"000","CLO","USD","TWD","1800-01-01","1","100","",
"000","CLO","USD","UAH","1800-01-01","1","100","",
"000","CLO","USD","VEF","1800-01-01","1","1","",
"000","CLO","USD","ZAR","1800-01-01","1","1","",
"000","CLO","VEF","ARS","1800-01-01","1","1","",
"000","CLO","VEF","BRL","1800-01-01","1","1","",
"000","CLO","VEF","CAD","1800-01-01","1","1","",
"000","CLO","VEF","CLP","1800-01-01","1","100","",
"000","CLO","VEF","EUR","1800-01-01","1","1","",
"000","CLO","VEF","JPY","1800-01-01","1","1","",
"000","CLO","VEF","PEN","1800-01-01","1","1","",
"000","CLO","VEF","USD","1800-01-01","1","1","",
"000","CLO","ZAR","EUR","1800-01-01","1","1","",
"000","CLO","ZAR","JPY","1800-01-01","1","1","",
"000","CLO","ZAR","USD","1800-01-01","1","1","",
"000","CLO1","AUD","EUR","1800-01-01","1","1","",
"000","CLO1","EUR","AUD","1800-01-01","1","1","",
"000","CLO1","EUR","JPY","1800-01-01","1","100","",
"000","CLO1","EUR","USD","1800-01-01","1","1","",
"000","CLO1","JPY","EUR","1800-01-01","100","1","",
"000","CLO1","USD","EUR","1800-01-01","1","1","",
"000","EURO","ATS","EUR","1800-01-01","1","1","",
"000","EURO","BEF","EUR","1800-01-01","1","1","",
"000","EURO","CYP","EUR","1800-10-01","1","100","",
"000","EURO","DEM","EUR","1800-01-01","1","1","",
"000","EURO","DEM","FRF","1800-01-01","1","1","",
"000","EURO","EEK","EUR","1800-01-01","1","1","",
"000","EURO","ESP","EUR","1800-01-01","1","1","",
"000","EURO","EUR","ATS","1800-01-01","1","1","",
"000","EURO","EUR","BEF","1800-01-01","1","1","",
"000","EURO","EUR","CYP","1800-01-01","100","1","",
"000","EURO","EUR","DEM","1800-01-01","1","1","",
"000","EURO","EUR","EEK","1800-01-01","1","1","",
"000","EURO","EUR","ESP","1800-01-01","1","1","",
"000","EURO","EUR","FIM","1800-01-01","1","1","",
"000","EURO","EUR","FRF","1800-01-01","1","1","",
"000","EURO","EUR","GRD","1800-01-01","1","1","",
"000","EURO","EUR","IEP","1800-01-01","100","1","",
"000","EURO","EUR","ITL","1800-01-01","1","1","",
"000","EURO","EUR","LTL","1800-01-01","1","1","",
"000","EURO","EUR","LUF","1800-01-01","1","1","",
"000","EURO","EUR","LVL","1800-01-01","100","1","",
"000","EURO","EUR","MTL","1800-01-01","1","1","",
"000","EURO","EUR","NLG","1800-01-01","1","1","",
"000","EURO","EUR","PTE","1800-01-01","1","1","",
"000","EURO","EUR","SIT","1800-01-01","1","1","",
"000","EURO","EUR","SKK","1800-01-01","1","1","",
"000","EURO","FIM","EUR","1800-01-01","1","1","",
"000","EURO","FRF","EUR","1800-01-01","1","1","",
"000","EURO","GRD","EUR","1800-01-01","1","1","",
"000","EURO","IEP","EUR","1800-01-01","1","100","",
"000","EURO","ITL","EUR","1800-01-01","1","1","",
"000","EURO","LTL","EUR","1800-01-01","1","1","",
"000","EURO","LUF","EUR","1800-01-01","1","1","",
"000","EURO","LVL","EUR","1800-01-01","1","100","",
"000","EURO","MTL","EUR","1800-01-01","1","1","",
"000","EURO","NLG","EUR","1800-01-01","1","1","",
"000","EURO","PTE","EUR","1800-01-01","1","1","",
"000","EURO","SIT","EUR","1800-01-01","1","1","",
"000","EURO","SKK","EUR","1800-01-01","1","1","",
"000","EURX","AED","EUR","1800-01-01","1","1","",
"000","EURX","ARS","EUR","1800-01-01","1","1","",
"000","EURX","AUD","EUR","1800-01-01","1","1","",
"000","EURX","BGN","EUR","1800-01-01","1","1","",
"000","EURX","BRL","EUR","1800-01-01","1","1","",
"000","EURX","CAD","EUR","1800-01-01","1","1","",
"000","EURX","CHF","EUR","1800-01-01","1","1","",
"000","EURX","CLP","EUR","1800-01-01","1","1","",
"000","EURX","CNY","EUR","1800-01-01","1","1","",
"000","EURX","COP","EUR","1800-01-01","1000","1","",
"000","EURX","CSD","EUR","1800-01-01","1","1","",
"000","EURX","CYP","EUR","1800-01-01","1","100","",
"000","EURX","CYP","JPY","1800-01-01","1","1","",
"000","EURX","CYP","USD","1800-01-01","1","1","",
"000","EURX","CZK","EUR","1800-01-01","1","1","",
"000","EURX","DKK","EUR","1800-01-01","1","1","",
"000","EURX","EEK","EUR","1800-01-01","1","1","",
"000","EURX","EEK","JPY","1800-01-01","1","1","",
"000","EURX","EEK","USD","1800-01-01","1","1","",
"000","EURX","EUR","AED","1800-01-01","1","1","",
"000","EURX","EUR","ARS","1800-01-01","1","1","",
"000","EURX","EUR","AUD","1800-01-01","1","1","",
"000","EURX","EUR","BGN","1800-01-01","1","1","",
"000","EURX","EUR","BRL","1800-01-01","1","1","",
"000","EURX","EUR","CAD","1800-01-01","1","1","",
"000","EURX","EUR","CHF","1800-01-01","1","1","",
"000","EURX","EUR","CLP","1800-01-01","1","1","",
"000","EURX","EUR","CNY","1800-01-01","1","1","",
"000","EURX","EUR","COP","1800-01-01","1","1000","",
"000","EURX","EUR","CSD","1800-01-01","1","1","",
"000","EURX","EUR","CYP","1800-01-01","100","1","",
"000","EURX","EUR","CZK","1800-01-01","1","1","",
"000","EURX","EUR","DKK","1800-01-01","1","1","",
"000","EURX","EUR","EEK","1800-01-01","1","1","",
"000","EURX","EUR","GBP","1800-01-01","1","1","",
"000","EURX","EUR","HKD","1800-01-01","1","1","",
"000","EURX","EUR","HRK","1800-01-01","1","1","",
"000","EURX","EUR","HUF","1800-01-01","1","1","",
"000","EURX","EUR","IDR","1800-01-01","1","1000","",
"000","EURX","EUR","ILS","1800-01-01","1","1","",
"000","EURX","EUR","INR","1800-01-01","1","1","",
"000","EURX","EUR","JPY","1800-01-01","1","1","",
"000","EURX","EUR","KRW","1800-01-01","1","1","",
"000","EURX","EUR","KZT","1800-01-01","1","1","",
"000","EURX","EUR","LTL","1800-01-01","1","1","",
"000","EURX","EUR","LVL","1800-01-01","100","1","",
"000","EURX","EUR","MTL","1800-01-01","1","1","",
"000","EURX","EUR","MXN","1800-01-01","1","1","",
"000","EURX","EUR","MYR","1800-01-01","1","1","",
"000","EURX","EUR","NOK","1800-01-01","1","1","",
"000","EURX","EUR","NZD","1800-01-01","1","1","",
"000","EURX","EUR","PEN","1800-01-01","1","1","",
"000","EURX","EUR","PHP","1800-01-01","1","1","",
"000","EURX","EUR","PLN","1800-01-01","1","1","",
"000","EURX","EUR","ROL","1800-01-01","1","1000","",
"000","EURX","EUR","RON","1800-01-01","1","1","",
"000","EURX","EUR","RSD","1800-01-01","1","1","",
"000","EURX","EUR","RUB","1800-01-01","1","1","",
"000","EURX","EUR","SAR","1800-01-01","1","1","",
"000","EURX","EUR","SEK","1800-01-01","1","1","",
"000","EURX","EUR","SGD","1800-01-01","1","1","",
"000","EURX","EUR","SIT","1800-01-01","1","1","",
"000","EURX","EUR","SKK","1800-01-01","1","1","",
"000","EURX","EUR","THB","1800-01-01","1","1","",
"000","EURX","EUR","TRL","1800-01-01","1","100000","",
"000","EURX","EUR","TRY","1800-01-01","1","1","",
"000","EURX","EUR","TWD","1800-01-01","1","1","",
"000","EURX","EUR","UAH","1800-01-01","1","1","",
"000","EURX","EUR","USD","1800-01-01","1","1","",
"000","EURX","EUR","VEB","1800-01-01","1","1","",
"000","EURX","EUR","VEF","1800-01-01","1","1","",
"000","EURX","EUR","ZAR","1800-01-01","1","1","",
"000","EURX","GBP","EUR","1800-01-01","1","1","",
"000","EURX","HKD","EUR","1800-01-01","1","1","",
"000","EURX","HRK","EUR","1800-01-01","1","1","",
"000","EURX","HUF","EUR","1800-01-01","1","1","",
"000","EURX","IDR","EUR","1800-01-01","1000","1","",
"000","EURX","ILS","EUR","1800-01-01","1","1","",
"000","EURX","INR","EUR","1800-01-01","1","1","",
"000","EURX","JPY","CYP","1800-01-01","100","1","",
"000","EURX","JPY","EEK","1800-01-01","100","1","",
"000","EURX","JPY","EUR","1800-01-01","1","1","",
"000","EURX","JPY","LTL","1800-01-01","100","1","",
"000","EURX","JPY","LVL","1800-01-01","100","1","",
"000","EURX","JPY","MTL","1800-01-01","100","1","",
"000","EURX","JPY","SIT","1800-01-01","100","1","",
"000","EURX","JPY","SKK","1800-01-01","100","1","",
"000","EURX","KRW","EUR","1800-01-01","1","1","",
"000","EURX","KZT","EUR","1800-01-01","1","1","",
"000","EURX","LTL","EUR","1800-01-01","1","1","",
"000","EURX","LTL","JPY","1800-01-01","1","1","",
"000","EURX","LTL","USD","1800-01-01","1","1","",
"000","EURX","LVL","EUR","1800-01-01","1","100","",
"000","EURX","LVL","JPY","1800-01-01","1","1","",
"000","EURX","LVL","USD","1800-01-01","1","1","",
"000","EURX","MTL","EUR","1800-01-01","1","1","",
"000","EURX","MTL","JPY","1800-01-01","1","1","",
"000","EURX","MTL","USD","1800-01-01","1","1","",
"000","EURX","MXN","EUR","1800-01-01","1","1","",
"000","EURX","MYR","EUR","1800-01-01","1","1","",
"000","EURX","NOK","EUR","1800-01-01","1","1","",
"000","EURX","NZD","EUR","1800-01-01","1","1","",
"000","EURX","PEN","EUR","1800-01-01","1","1","",
"000","EURX","PHP","EUR","1800-01-01","1","1","",
"000","EURX","PLN","EUR","1800-01-01","1","1","",
"000","EURX","ROL","EUR","1800-01-01","1000","1","",
"000","EURX","RON","EUR","1800-01-01","1","1","",
"000","EURX","RSD","EUR","1800-01-01","1","1","",
"000","EURX","RUB","EUR","1800-01-01","1","1","",
"000","EURX","SAR","EUR","1800-01-01","1","1","",
"000","EURX","SEK","EUR","1800-01-01","1","1","",
"000","EURX","SGD","EUR","1800-01-01","1","1","",
"000","EURX","SIT","EUR","1800-01-01","1","1","",
"000","EURX","SIT","JPY","1800-01-01","100","1","",
"000","EURX","SIT","USD","1800-01-01","1","1","",
"000","EURX","SKK","EUR","1800-01-01","1","1","",
"000","EURX","SKK","JPY","1800-01-01","1","1","",
"000","EURX","SKK","USD","1800-01-01","1","1","",
"000","EURX","THB","EUR","1800-01-01","1","1","",
"000","EURX","TRL","EUR","1800-01-01","100000","1","",
"000","EURX","TRY","EUR","1800-01-01","1","1","",
"000","EURX","TWD","EUR","1800-01-01","1","1","",
"000","EURX","UAH","EUR","1800-01-01","1","1","",
"000","EURX","USD","CYP","1800-01-01","1","1","",
"000","EURX","USD","EEK","1800-01-01","1","1","",
"000","EURX","USD","EUR","2016-12-01","1","1","",
"000","EURX","USD","EUR","1800-01-01","1","1","",
"000","EURX","USD","LTL","1800-01-01","1","1","",
"000","EURX","USD","LVL","1800-01-01","1","1","",
"000","EURX","USD","MTL","1800-01-01","1","1","",
"000","EURX","USD","SIT","1800-01-01","1","1","",
"000","EURX","USD","SKK","1800-01-01","1","1","",
"000","EURX","VEB","EUR","1800-01-01","1","1","",
"000","EURX","VEF","EUR","1800-01-01","1","1","",
"000","EURX","ZAR","EUR","1800-01-01","1","1","",
"000","M","AED","EUR","1800-01-01","1","1","",
"000","M","AED","JPY","1800-01-01","1","1","",
"000","M","AED","KWD","2001-01-01","1","1","",
"000","M","AED","USD","1800-01-01","1","1","",
"000","M","ARS","BRL","1800-01-01","1","1","",
"000","M","ARS","CAD","1800-01-01","1","1","",
"000","M","ARS","CLP","1800-01-01","1","1","",
"000","M","ARS","COP","1800-01-01","1","1000","",
"000","M","ARS","EUR","1800-01-01","1","1","",
"000","M","ARS","JPY","1800-01-01","1","1","",
"000","M","ARS","MXN","1800-01-01","1","1","",
"000","M","ARS","PEN","1800-01-01","1","1","",
"000","M","ARS","USD","1800-01-01","1","1","",
"000","M","ARS","VEB","1800-01-01","1","1","",
"000","M","ARS","VEF","1800-01-01","1","1","",
"000","M","ATS","EUR","1800-01-01","1","1","EURO",
"000","M","AUD","CAD","1800-01-01","1","1","",
"000","M","AUD","CHF","1800-01-01","1","1","",
"000","M","AUD","EUR","1800-01-01","1","1","",
"000","M","AUD","GBP","1800-01-01","1","1","",
"000","M","AUD","HKD","1800-01-01","1","1","",
"000","M","AUD","JPY","1800-01-01","1","1","",
"000","M","AUD","NZD","1800-01-01","1","1","",
"000","M","AUD","SGD","1800-01-01","1","1","",
"000","M","AUD","USD","1800-01-01","1","1","",
"000","M","BEF","EUR","1800-01-01","1","1","EURO",
"000","M","BGN","EUR","1800-01-01","1","1","",
"000","M","BGN","JPY","1800-01-01","1","1","",
"000","M","BGN","USD","1800-01-01","1","1","",
"000","M","BHD","KWD","2001-01-01","1","1","",
"000","M","BRL","ARS","1800-01-01","1","1","",
"000","M","BRL","CAD","1800-01-01","1","1","",
"000","M","BRL","CHF","1800-01-01","1","1","",
"000","M","BRL","CLP","1800-01-01","1","1","",
"000","M","BRL","COP","1800-01-01","1","1000","",
"000","M","BRL","EUR","1800-01-01","1","1","",
"000","M","BRL","GBP","1800-01-01","1","1","",
"000","M","BRL","JPY","1800-01-01","1","1","",
"000","M","BRL","MXN","1800-01-01","1","1","",
"000","M","BRL","PEN","1800-01-01","1","1","",
"000","M","BRL","USD","1800-01-01","1","1","",
"000","M","BRL","VEB","1800-01-01","1","1","",
"000","M","BRL","VEF","1800-01-01","1","1","",
"000","M","BWP","USD","1800-01-01","1","1","",
"000","M","CAD","ARS","1800-01-01","1","1","",
"000","M","CAD","AUD","1800-01-01","1","1","",
"000","M","CAD","BRL","1800-01-01","1","1","",
"000","M","CAD","CHF","1800-01-01","1","1","",
"000","M","CAD","CLP","1800-01-01","1","1","",
"000","M","CAD","CNY","1800-01-01","1","1","",
"000","M","CAD","COP","1800-01-01","1","1000","",
"000","M","CAD","DKK","1800-01-01","1","1","",
"000","M","CAD","EUR","1800-01-01","1","1","",
"000","M","CAD","GBP","1800-01-01","1","1","",
"000","M","CAD","HKD","1800-01-01","1","1","",
"000","M","CAD","JPY","1800-01-01","1","1","",
"000","M","CAD","MXN","1800-01-01","1","1","",
"000","M","CAD","NZD","1800-01-01","1","1","",
"000","M","CAD","PEN","1800-01-01","1","1","",
"000","M","CAD","USD","1800-01-01","1","1","",
"000","M","CAD","VEB","1800-01-01","1","1","",
"000","M","CAD","VEF","1800-01-01","1","1","",
"000","M","CHF","AED","1800-01-01","1","1","",
"000","M","CHF","AUD","1800-01-01","1","1","",
"000","M","CHF","BRL","1800-01-01","1","1","",
"000","M","CHF","CAD","1800-01-01","1","1","",
"000","M","CHF","CNY","1800-01-01","1","1","",
"000","M","CHF","CZK","1800-01-01","1","1","",
"000","M","CHF","DKK","1800-01-01","1","1","",
"000","M","CHF","EUR","1800-01-01","1","1","",
"000","M","CHF","GBP","1800-01-01","1","1","",
"000","M","CHF","HKD","1800-01-01","1","1","",
"000","M","CHF","HUF","1800-01-01","1","1","",
"000","M","CHF","JPY","1800-01-01","1","1","",
"000","M","CHF","MXN","1800-01-01","1","1","",
"000","M","CHF","NOK","1800-01-01","1","1","",
"000","M","CHF","NZD","1800-01-01","1","1","",
"000","M","CHF","RUB","1800-01-01","1","1","",
"000","M","CHF","SEK","1800-01-01","1","1","",
"000","M","CHF","SGD","1800-01-01","1","1","",
"000","M","CHF","USD","1800-01-01","1","1","",
"000","M","CHF","ZAR","1800-01-01","1","1","",
"000","M","CLP","ARS","1800-01-01","1000","1","",
"000","M","CLP","BRL","1800-01-01","1000","1","",
"000","M","CLP","CAD","1800-01-01","1000","1","",
"000","M","CLP","CLP4","1900-01-01","1","1","",
"000","M","CLP","COP","1800-01-01","1","1","",
"000","M","CLP","EUR","1800-01-01","1","1","",
"000","M","CLP","JPY","1800-01-01","100","1","",
"000","M","CLP","MXN","1800-01-01","100","1","",
"000","M","CLP","PEN","1800-01-01","1000","1","",
"000","M","CLP","USD","1800-01-01","1","1","",
"000","M","CLP","VEB","1800-01-01","1","1","",
"000","M","CLP","VEF","1800-01-01","1000","1","",
"000","M","CLP4","CLP","1900-01-01","1","1","",
"000","M","CNH","EUR","1800-01-01","1","1","",
"000","M","CNH","JPY","1800-01-01","1","1","",
"000","M","CNH","USD","1800-01-01","1","1","",
"000","M","CNY","CHF","1800-01-01","1","1","",
"000","M","CNY","EUR","1800-01-01","1","1","",
"000","M","CNY","GBP","1800-01-01","1","1","",
"000","M","CNY","HKD","1800-01-01","1","1","",
"000","M","CNY","JPY","1800-01-01","1","1","",
"000","M","CNY","SGD","1800-01-01","1","1","",
"000","M","CNY","USD","1800-01-01","1","1","",
"000","M","COP","ARS","1800-01-01","1000","1","",
"000","M","COP","BRL","1800-01-01","1000","1","",
"000","M","COP","CAD","1800-01-01","1000","1","",
"000","M","COP","CLP","1800-01-01","1","1","",
"000","M","COP","EUR","1800-01-01","1000","1","",
"000","M","COP","JPY","1800-01-01","100","1","",
"000","M","COP","PEN","1800-01-01","1000","1","",
"000","M","COP","USD","1800-01-01","1000","1","",
"000","M","CSD","EUR","1800-01-01","1","1","EURX",
"000","M","CSD","JPY","1800-01-01","1","1","",
"000","M","CSD","USD","1800-01-01","1","1","",
"000","M","CYP","EUR","2008-01-01","1","100","EURO",
"000","M","CYP","EUR","1800-01-01","1","100","EURX",
"000","M","CYP","JPY","2008-01-01","1","1","EURX",
"000","M","CYP","JPY","1800-01-01","1","1","",
"000","M","CYP","USD","2008-01-01","1","1","EURX",
"000","M","CYP","USD","1800-01-01","1","1","",
"000","M","CZK","EUR","1800-01-01","1","1","",
"000","M","CZK","JPY","1800-01-01","1","1","",
"000","M","CZK","USD","1800-01-01","1","1","",
"000","M","DEM","EUR","1800-01-01","1","1","EURO",
"000","M","DEM","FRF","1999-01-01","1","1","EURO",
"000","M","DKK","CHF","1800-01-01","1","1","",
"000","M","DKK","EUR","1800-01-01","1","1","",
"000","M","DKK","GBP","1800-01-01","1","1","",
"000","M","DKK","JPY","1800-01-01","1","1","",
"000","M","DKK","NOK","1800-01-01","1","1","",
"000","M","DKK","SEK","1800-01-01","1","1","",
"000","M","DKK","USD","1800-01-01","1","1","",
"000","M","EEK","EUR","2011-01-01","1","1","EURO",
"000","M","EEK","EUR","1800-01-01","1","1","EURX",
"000","M","EEK","JPY","2011-01-01","1","1","EURX",
"000","M","EEK","JPY","1800-01-01","1","1","",
"000","M","EEK","USD","2011-01-01","1","1","EURX",
"000","M","EEK","USD","1800-01-01","1","1","",
"000","M","ESP","EUR","1800-01-01","1","1","EURO",
"000","M","EUR","AED","1800-01-01","1","1","",
"000","M","EUR","ARS","1800-01-01","1","1","",
"000","M","EUR","ATS","1800-01-01","1","1","EURO",
"000","M","EUR","AUD","1800-01-01","1","1","",
"000","M","EUR","BEF","1800-01-01","1","1","EURO",
"000","M","EUR","BGN","1800-01-01","1","1","",
"000","M","EUR","BRL","1800-01-01","1","1","",
"000","M","EUR","CAD","1800-01-01","1","1","",
"000","M","EUR","CHF","1800-01-01","1","1","",
"000","M","EUR","CLP","1800-01-01","1","1","",
"000","M","EUR","CNH","1800-01-01","1","1","",
"000","M","EUR","CNY","1800-01-01","1","1","",
"000","M","EUR","COP","1800-01-01","1","1000","",
"000","M","EUR","CSD","1800-01-01","1","1","EURX",
"000","M","EUR","CYP","2008-01-01","100","1","EURO",
"000","M","EUR","CYP","1800-01-01","100","1","EURX",
"000","M","EUR","CZK","1800-01-01","1","1","",
"000","M","EUR","DEM","1800-01-01","1","1","EURO",
"000","M","EUR","DKK","1800-01-01","1","1","",
"000","M","EUR","EEK","2011-01-01","1","1","EURO",
"000","M","EUR","EEK","1800-01-01","1","1","EURX",
"000","M","EUR","ESP","1800-01-01","1","1","EURO",
"000","M","EUR","FIM","1800-01-01","1","1","EURO",
"000","M","EUR","FRF","1800-01-01","1","1","EURO",
"000","M","EUR","GBP","1800-01-01","1","1","",
"000","M","EUR","GRD","1800-01-01","1","1","EURO",
"000","M","EUR","HKD","1800-01-01","1","1","",
"000","M","EUR","HRK","1800-01-01","1","1","",
"000","M","EUR","HUF","1800-01-01","1","1","",
"000","M","EUR","IDR","1800-01-01","1","1000","",
"000","M","EUR","IEP","1800-01-01","100","1","EURO",
"000","M","EUR","ILS","1800-01-01","1","1","",
"000","M","EUR","INR","1800-01-01","1","1","",
"000","M","EUR","ITL","1800-01-01","1","1","EURO",
"000","M","EUR","JPY","1800-01-01","1","1","",
"000","M","EUR","KRW","1800-01-01","1","1","",
"000","M","EUR","KWD","1800-01-01","1","1","",
"000","M","EUR","KZT","1800-01-01","1","1","",
"000","M","EUR","LTL","2015-01-01","1","1","EURO",
"000","M","EUR","LTL","1800-01-01","1","1","EURX",
"000","M","EUR","LUF","1800-01-01","1","1","EURO",
"000","M","EUR","LVL","2014-01-01","100","1","EURO",
"000","M","EUR","LVL","1800-01-01","100","1","EURX",
"000","M","EUR","MTL","2008-01-01","1","1","EURO",
"000","M","EUR","MTL","1800-01-01","1","1","EURX",
"000","M","EUR","MXN","1800-01-01","1","1","",
"000","M","EUR","MYR","1800-01-01","1","1","",
"000","M","EUR","NLG","1800-01-01","1","1","EURO",
"000","M","EUR","NOK","1800-01-01","1","1","",
"000","M","EUR","NZD","1800-01-01","1","1","",
"000","M","EUR","OMR","1800-01-01","1","1","",
"000","M","EUR","PEN","1800-01-01","1","1","",
"000","M","EUR","PHP","1800-01-01","1","1","",
"000","M","EUR","PLN","1800-01-01","1","1","",
"000","M","EUR","PTE","1800-01-01","1","1","EURO",
"000","M","EUR","QAR","1800-01-01","1","1","",
"000","M","EUR","ROL","1800-01-01","1","1000","EURX",
"000","M","EUR","RON","1800-01-01","1","1","",
"000","M","EUR","RSD","1800-01-01","1","1","",
"000","M","EUR","RUB","1800-01-01","1","1","",
"000","M","EUR","SAR","1800-01-01","1","1","",
"000","M","EUR","SEK","1800-01-01","1","1","",
"000","M","EUR","SGD","1800-01-01","1","1","",
"000","M","EUR","SIT","2007-01-01","1","1","EURO",
"000","M","EUR","SIT","1800-01-01","1","1","EURX",
"000","M","EUR","SKK","2009-01-01","1","1","EURO",
"000","M","EUR","SKK","1800-01-01","1","1","EURX",
"000","M","EUR","THB","1800-01-01","1","1","",
"000","M","EUR","TRL","1800-01-01","1","100000","EURX",
"000","M","EUR","TRY","1800-01-01","1","1","",
"000","M","EUR","TWD","1800-01-01","1","1","",
"000","M","EUR","UAH","1800-01-01","1","1","",
"000","M","EUR","USD","1800-01-01","1","1","",
"000","M","EUR","VEB","1800-01-01","1","1","EURX",
"000","M","EUR","VEF","1800-01-01","1","1","",
"000","M","EUR","ZAR","1800-01-01","1","1","",
"000","M","FIM","EUR","1800-01-01","1","1","EURO",
"000","M","FJD","USD","1800-01-01","1","1","",
"000","M","FRF","EUR","1800-01-01","1","1","EURO",
"000","M","GBP","AED","1800-01-01","1","1","",
"000","M","GBP","AUD","1800-01-01","1","1","",
"000","M","GBP","BRL","1800-01-01","1","1","",
"000","M","GBP","CAD","1800-01-01","1","1","",
"000","M","GBP","CHF","1800-01-01","1","1","",
"000","M","GBP","CNY","1800-01-01","1","1","",
"000","M","GBP","CZK","1800-01-01","1","1","",
"000","M","GBP","DKK","1800-01-01","1","1","",
"000","M","GBP","EUR","1800-01-01","1","1","",
"000","M","GBP","HKD","1800-01-01","1","1","",
"000","M","GBP","HUF","1800-01-01","1","1","",
"000","M","GBP","JPY","1800-01-01","1","1","",
"000","M","GBP","MXN","1800-01-01","1","1","",
"000","M","GBP","NOK","1800-01-01","1","1","",
"000","M","GBP","NZD","1800-01-01","1","1","",
"000","M","GBP","RUB","1800-01-01","1","1","",
"000","M","GBP","SEK","1800-01-01","1","1","",
"000","M","GBP","SGD","1800-01-01","1","1","",
"000","M","GBP","USD","1800-01-01","1","1","",
"000","M","GBP","ZAR","1800-01-01","1","1","",
"000","M","GRD","EUR","1800-01-01","1","1","EURO",
"000","M","HKD","EUR","1800-01-01","1","1","",
"000","M","HKD","JPY","1800-01-01","1","1","",
"000","M","HKD","USD","1800-01-01","1","1","",
"000","M","HRK","EUR","1800-01-01","1","1","",
"000","M","HRK","JPY","1800-01-01","1","1","",
"000","M","HRK","USD","1800-01-01","1","1","",
"000","M","HUF","EUR","1800-01-01","1","1","",
"000","M","HUF","JPY","1800-01-01","100","1","",
"000","M","HUF","USD","1800-01-01","1","1","",
"000","M","IDR","EUR","1800-01-01","1000","1","",
"000","M","IDR","JPY","1800-01-01","100","1","",
"000","M","IDR","USD","1800-01-01","1000","1","",
"000","M","IEP","EUR","1800-01-01","1","100","EURO",
"000","M","ILS","EUR","1800-01-01","1","1","",
"000","M","ILS","JPY","1800-01-01","1","1","",
"000","M","ILS","USD","1800-01-01","1","1","",
"000","M","INR","EUR","1800-01-01","1","1","",
"000","M","INR","JPY","1800-01-01","1","1","",
"000","M","INR","USD","1800-01-01","1","1","",
"000","M","ITL","EUR","1800-01-01","1","1","EURO",
"000","M","JPY","AED","1800-01-01","100","1","",
"000","M","JPY","ARS","1800-01-01","100","1","",
"000","M","JPY","AUD","1800-01-01","1","1","",
"000","M","JPY","BGN","1800-01-01","100","1","",
"000","M","JPY","BRL","1800-01-01","100","1","",
"000","M","JPY","CAD","1800-01-01","100","1","",
"000","M","JPY","CHF","1800-01-01","100","1","",
"000","M","JPY","CLP","1800-01-01","100","1","",
"000","M","JPY","CNH","1800-01-01","100","1","",
"000","M","JPY","CNY","1800-01-01","100","1","",
"000","M","JPY","COP","1800-01-01","1","1","",
"000","M","JPY","CSD","1800-01-01","100","1","",
"000","M","JPY","CYP","2008-01-01","100","1","EURX",
"000","M","JPY","CYP","1800-01-01","100","1","",
"000","M","JPY","CZK","1800-01-01","100","1","",
"000","M","JPY","DKK","1800-01-01","100","1","",
"000","M","JPY","EEK","2011-01-01","100","1","EURX",
"000","M","JPY","EEK","1800-01-01","100","1","",
"000","M","JPY","EUR","1800-01-01","1","1","",
"000","M","JPY","GBP","1800-01-01","1","1","",
"000","M","JPY","HKD","1800-01-01","100","1","",
"000","M","JPY","HRK","1800-01-01","100","1","",
"000","M","JPY","HUF","1800-01-01","100","1","",
"000","M","JPY","IDR","1800-01-01","1","1","",
"000","M","JPY","ILS","1800-01-01","100","1","",
"000","M","JPY","INR","1800-01-01","100","1","",
"000","M","JPY","KRW","1800-01-01","100","1","",
"000","M","JPY","KWD","1800-01-01","100","1","",
"000","M","JPY","KZT","1800-01-01","100","1","",
"000","M","JPY","LTL","2015-01-01","100","1","EURX",
"000","M","JPY","LTL","1800-01-01","100","1","",
"000","M","JPY","LVL","2014-01-01","100","1","EURX",
"000","M","JPY","LVL","1800-01-01","100","1","",
"000","M","JPY","MTL","2008-01-01","100","1","EURX",
"000","M","JPY","MTL","1800-01-01","100","1","",
"000","M","JPY","MXN","1800-01-01","100","1","",
"000","M","JPY","MYR","1800-01-01","100","1","",
"000","M","JPY","NOK","1800-01-01","100","1","",
"000","M","JPY","NZD","1800-01-01","1","1","",
"000","M","JPY","OMR","1800-01-01","100","1","",
"000","M","JPY","PEN","1800-01-01","100","1","",
"000","M","JPY","PHP","1800-01-01","100","1","",
"000","M","JPY","PLN","1800-01-01","100","1","",
"000","M","JPY","QAR","1800-01-01","100","1","",
"000","M","JPY","ROL","1800-01-01","1","1","",
"000","M","JPY","RON","1800-01-01","100","1","",
"000","M","JPY","RSD","1800-01-01","100","1","",
"000","M","JPY","RUB","1800-01-01","100","1","",
"000","M","JPY","SAR","1800-01-01","100","1","",
"000","M","JPY","SEK","1800-01-01","100","1","",
"000","M","JPY","SGD","1800-01-01","100","1","",
"000","M","JPY","SIT","2007-01-01","100","1","EURX",
"000","M","JPY","SIT","1800-01-01","100","1","",
"000","M","JPY","SKK","2009-01-01","100","1","EURX",
"000","M","JPY","SKK","1800-01-01","100","1","",
"000","M","JPY","THB","1800-01-01","100","1","",
"000","M","JPY","TRL","1800-01-01","1","100","",
"000","M","JPY","TRY","1800-01-01","100","1","",
"000","M","JPY","TWD","1800-01-01","100","1","",
"000","M","JPY","UAH","1800-01-01","100","1","",
"000","M","JPY","USD","1800-01-01","1","1","",
"000","M","JPY","VEB","1800-01-01","100","1","",
"000","M","JPY","VEF","1800-01-01","100","1","",
"000","M","JPY","ZAR","1800-01-01","100","1","",
"000","M","KRW","EUR","1800-01-01","1","1","",
"000","M","KRW","JPY","1800-01-01","100","1","",
"000","M","KRW","USD","1800-01-01","1","1","",
"000","M","KWD","EUR","1800-01-01","1","1","",
"000","M","KWD","JPY","1800-01-01","1","1","",
"000","M","KWD","USD","1800-01-01","1","1","",
"000","M","KZT","EUR","1800-01-01","1","1","",
"000","M","KZT","JPY","1800-01-01","100","1","",
"000","M","KZT","USD","1800-01-01","1","1","",
"000","M","LTL","EUR","2015-01-01","1","1","EURO",
"000","M","LTL","EUR","1800-01-01","1","1","EURX",
"000","M","LTL","JPY","2015-01-01","1","1","EURX",
"000","M","LTL","JPY","1800-01-01","1","1","",
"000","M","LTL","USD","2015-01-01","1","1","EURX",
"000","M","LTL","USD","1800-01-01","1","1","",
"000","M","LUF","EUR","1800-01-01","1","1","EURO",
"000","M","LVL","EUR","2014-01-01","1","100","EURO",
"000","M","LVL","EUR","1800-01-01","1","100","EURX",
"000","M","LVL","JPY","2014-01-01","1","1","EURX",
"000","M","LVL","JPY","1800-01-01","1","1","",
"000","M","LVL","USD","2014-01-01","1","1","EURX",
"000","M","LVL","USD","1800-01-01","1","1","",
"000","M","MTL","EUR","2008-01-01","1","1","EURO",
"000","M","MTL","EUR","1800-01-01","1","1","EURX",
"000","M","MTL","JPY","2008-01-01","1","1","EURX",
"000","M","MTL","JPY","1800-01-01","1","1","",
"000","M","MTL","USD","2008-01-01","1","1","EURX",
"000","M","MTL","USD","1800-01-01","1","1","",
"000","M","MXN","ARS","1800-01-01","100","1","",
"000","M","MXN","BRL","1800-01-01","100","1","",
"000","M","MXN","CAD","1800-01-01","100","1","",
"000","M","MXN","CHF","1800-01-01","1","1","",
"000","M","MXN","CLP","1800-01-01","1","1","",
"000","M","MXN","EUR","1800-01-01","1","1","",
"000","M","MXN","GBP","1800-01-01","1","1","",
"000","M","MXN","JPY","1800-01-01","1","1","",
"000","M","MXN","PEN","1800-01-01","100","1","",
"000","M","MXN","USD","1800-01-01","1","1","",
"000","M","MYR","EUR","1800-01-01","1","1","",
"000","M","MYR","JPY","1800-01-01","1","1","",
"000","M","MYR","USD","1800-01-01","1","1","",
"000","M","NLG","EUR","1800-01-01","1","1","EURO",
"000","M","NOK","CHF","1800-01-01","1","1","",
"000","M","NOK","DKK","1800-01-01","1","1","",
"000","M","NOK","EUR","1800-01-01","1","1","",
"000","M","NOK","GBP","1800-01-01","1","1","",
"000","M","NOK","JPY","1800-01-01","1","1","",
"000","M","NOK","SEK","1800-01-01","1","1","",
"000","M","NOK","USD","1800-01-01","1","1","",
"000","M","NZD","AUD","1800-01-01","1","1","",
"000","M","NZD","EUR","1800-01-01","1","1","",
"000","M","NZD","JPY","1800-01-01","1","1","",
"000","M","NZD","NZD5","1800-01-01","1","1","",
"000","M","NZD","USD","1800-01-01","1","1","",
"000","M","NZD5","NZD","1800-01-01","1","1","",
"000","M","OMR","EUR","1800-01-01","1","1","",
"000","M","OMR","JPY","1800-01-01","1","1","",
"000","M","OMR","KWD","2001-01-01","1","1","",
"000","M","OMR","USD","1800-01-01","1","1","",
"000","M","PEN","ARS","1800-01-01","1","1","",
"000","M","PEN","BRL","1800-01-01","1","1","",
"000","M","PEN","CAD","1800-01-01","1","1","",
"000","M","PEN","CLP","1800-01-01","1","1","",
"000","M","PEN","COP","1800-01-01","1","1","",
"000","M","PEN","EUR","1800-01-01","1","1","",
"000","M","PEN","JPY","1800-01-01","1","1","",
"000","M","PEN","MXN","1800-01-01","1","1","",
"000","M","PEN","USD","1800-01-01","1","1","",
"000","M","PEN","VEB","1800-01-01","1","1","",
"000","M","PEN","VEF","1800-01-01","1","1","",
"000","M","PGK","USD","1800-01-01","1","1","",
"000","M","PHP","EUR","1800-01-01","1","1","",
"000","M","PHP","JPY","1800-01-01","1","1","",
"000","M","PHP","USD","1800-01-01","1","1","",
"000","M","PLN","EUR","1800-01-01","1","1","",
"000","M","PLN","JPY","1800-01-01","1","1","",
"000","M","PLN","USD","1800-01-01","1","1","",
"000","M","PTE","EUR","1800-01-01","1","1","EURO",
"000","M","QAR","CNY","2001-01-01","1","1","",
"000","M","QAR","EUR","2001-01-01","1","1","",
"000","M","QAR","EUR","1800-01-01","1","1","",
"000","M","QAR","GBP","2001-01-01","1","1","",
"000","M","QAR","JPY","2001-01-01","1","1","",
"000","M","QAR","JPY","1800-01-01","1","1","",
"000","M","QAR","KWD","2001-01-01","1","1","",
"000","M","QAR","USD","2001-01-01","1","1","",
"000","M","QAR","USD","1800-01-01","1","1","",
"000","M","ROL","EUR","1800-01-01","1000","1","EURX",
"000","M","ROL","JPY","1800-01-01","100","1","",
"000","M","ROL","USD","1800-01-01","1000","1","",
"000","M","RON","EUR","1800-01-01","1","1","",
"000","M","RON","JPY","1800-01-01","1","1","",
"000","M","RON","USD","1800-01-01","1","1","",
"000","M","RSD","EUR","1800-01-01","1","1","",
"000","M","RSD","JPY","1800-01-01","1","1","",
"000","M","RSD","USD","1800-01-01","1","1","",
"000","M","RUB","EUR","1800-01-01","1","1","",
"000","M","RUB","JPY","1800-01-01","1","1","",
"000","M","RUB","UAH","1800-01-01","1","1","",
"000","M","RUB","USD","1800-01-01","1","1","",
"000","M","SAR","EUR","1800-01-01","1","1","",
"000","M","SAR","JPY","1800-01-01","1","1","",
"000","M","SAR","KWD","2001-01-01","1","1","",
"000","M","SAR","KWD","1800-01-01","1","1","",
"000","M","SAR","USD","1800-01-01","1","1","",
"000","M","SEK","CHF","1800-01-01","100","1","",
"000","M","SEK","DKK","1800-01-01","1","1","",
"000","M","SEK","EUR","1800-01-01","1","1","",
"000","M","SEK","GBP","1800-01-01","1","1","",
"000","M","SEK","JPY","1800-01-01","1","1","",
"000","M","SEK","NOK","1800-01-01","1","1","",
"000","M","SEK","USD","1800-01-01","1","1","",
"000","M","SGD","AUD","1800-01-01","1","1","",
"000","M","SGD","CHF","1800-01-01","1","1","",
"000","M","SGD","EUR","1800-01-01","1","1","",
"000","M","SGD","JPY","1800-01-01","1","1","",
"000","M","SGD","USD","1800-01-01","1","1","",
"000","M","SIT","EUR","2007-01-01","1","1","EURO",
"000","M","SIT","EUR","1800-01-01","1","1","EURX",
"000","M","SIT","JPY","2007-01-01","100","1","EURX",
"000","M","SIT","JPY","1800-01-01","100","1","",
"000","M","SIT","USD","2007-01-01","1","1","EURX",
"000","M","SIT","USD","1800-01-01","1","1","",
"000","M","SKK","EUR","2009-01-01","1","1","EURO",
"000","M","SKK","EUR","1800-01-01","1","1","EURX",
"000","M","SKK","JPY","2009-01-01","1","1","EURX",
"000","M","SKK","JPY","1800-01-01","1","1","",
"000","M","SKK","USD","2009-01-01","1","1","EURX",
"000","M","SKK","USD","1800-01-01","1","1","",
"000","M","THB","EUR","1800-01-01","1","1","",
"000","M","THB","JPY","1800-01-01","1","1","",
"000","M","THB","USD","1800-01-01","1","1","",
"000","M","TRL","EUR","1800-01-01","100000","1","EURX",
"000","M","TRL","JPY","1800-01-01","1000000","1","",
"000","M","TRL","USD","1800-01-01","100000","1","",
"000","M","TRY","EUR","1800-01-01","1","1","",
"000","M","TRY","JPY","1800-01-01","1","1","",
"000","M","TRY","USD","1800-01-01","1","1","",
"000","M","TWD","EUR","1800-01-01","1","1","",
"000","M","TWD","JPY","1800-01-01","1","1","",
"000","M","TWD","USD","1800-01-01","1","1","",
"000","M","UAH","EUR","1800-01-01","1","1","",
"000","M","UAH","JPY","1800-01-01","1","1","",
"000","M","UAH","RUB","1800-01-01","1","1","",
"000","M","UAH","USD","1800-01-01","1","1","",
"000","M","USD","AED","1800-01-01","1","1","",
"000","M","USD","ARS","1800-01-01","1","1","",
"000","M","USD","AUD","1800-01-01","1","1","",
"000","M","USD","BGN","1800-01-01","1","1","",
"000","M","USD","BRL","1800-01-01","1","1","",
"000","M","USD","CAD","1800-01-01","1","1","",
"000","M","USD","CHF","1800-01-01","1","1","",
"000","M","USD","CLP","1800-01-01","1","1","",
"000","M","USD","CNH","1800-01-01","1","1","",
"000","M","USD","CNY","1800-01-01","1","1","",
"000","M","USD","COP","1800-01-01","1","1000","",
"000","M","USD","CSD","1800-01-01","1","1","",
"000","M","USD","CYP","2008-01-01","1","1","EURX",
"000","M","USD","CYP","1800-01-01","1","1","",
"000","M","USD","CZK","1800-01-01","1","1","",
"000","M","USD","DKK","1800-01-01","1","1","",
"000","M","USD","EEK","2011-01-01","1","1","EURX",
"000","M","USD","EEK","1800-01-01","1","1","",
"000","M","USD","EUR","1800-01-01","1","1","",
"000","M","USD","GBP","1800-01-01","1","1","",
"000","M","USD","HKD","1800-01-01","1","1","",
"000","M","USD","HRK","1800-01-01","1","1","",
"000","M","USD","HUF","1800-01-01","1","1","",
"000","M","USD","IDR","1800-01-01","1","1000","",
"000","M","USD","ILS","1800-01-01","1","1","",
"000","M","USD","INR","1800-01-01","1","1","",
"000","M","USD","JPY","1800-01-01","1","1","",
"000","M","USD","KRW","1800-01-01","1","1","",
"000","M","USD","KWD","1800-01-01","1","1","",
"000","M","USD","KZT","1800-01-01","1","1","",
"000","M","USD","LTL","2015-01-01","1","1","EURX",
"000","M","USD","LTL","1800-01-01","1","1","",
"000","M","USD","LVL","2014-01-01","1","1","EURX",
"000","M","USD","LVL","1800-01-01","1","1","",
"000","M","USD","MTL","2008-01-01","1","1","EURX",
"000","M","USD","MTL","1800-01-01","1","1","",
"000","M","USD","MXN","1800-01-01","1","1","",
"000","M","USD","MYR","1800-01-01","1","1","",
"000","M","USD","NOK","1800-01-01","1","1","",
"000","M","USD","NZD","1800-01-01","1","1","",
"000","M","USD","OMR","1800-01-01","1","1","",
"000","M","USD","PEN","1800-01-01","1","1","",
"000","M","USD","PHP","1800-01-01","1","1","",
"000","M","USD","PLN","1800-01-01","1","1","",
"000","M","USD","QAR","1800-01-01","1","1","",
"000","M","USD","ROL","1800-01-01","1","1000","",
"000","M","USD","RON","1800-01-01","1","1","",
"000","M","USD","RSD","1800-01-01","1","1","",
"000","M","USD","RUB","1800-01-01","1","1","",
"000","M","USD","SAR","1800-01-01","1","1","",
"000","M","USD","SEK","1800-01-01","1","1","",
"000","M","USD","SGD","1800-01-01","1","1","",
"000","M","USD","SIT","2007-01-01","1","1","EURX",
"000","M","USD","SIT","1800-01-01","1","1","",
"000","M","USD","SKK","2009-01-01","1","1","EURX",
"000","M","USD","SKK","1800-01-01","1","1","",
"000","M","USD","THB","1800-01-01","1","1","",
"000","M","USD","TRL","1800-01-01","1","100000","",
"000","M","USD","TRY","1800-01-01","1","1","",
"000","M","USD","TWD","1800-01-01","1","1","",
"000","M","USD","UAH","1800-01-01","1","1","",
"000","M","USD","USDN","1800-01-01","1","1","",
"000","M","USD","VEB","1800-01-01","1","1","",
"000","M","USD","VEF","1800-01-01","1","1","",
"000","M","USD","ZAR","1800-01-01","1","1","",
"000","M","USDN","USD","1800-01-01","1","1","",
"000","M","VEB","ARS","1800-01-01","1000","1","",
"000","M","VEB","BRL","1800-01-01","1000","1","",
"000","M","VEB","CAD","1800-01-01","1000","1","",
"000","M","VEB","CLP","1800-01-01","1","1","",
"000","M","VEB","EUR","1800-01-01","1","1","EURX",
"000","M","VEB","JPY","1800-01-01","100","1","",
"000","M","VEB","PEN","1800-01-01","1000","1","",
"000","M","VEB","USD","1800-01-01","1","1","",
"000","M","VEB","VEF","2001-01-01","1000","1","",
"000","M","VEF","ARS","1800-01-01","1","1","",
"000","M","VEF","BRL","1800-01-01","1","1","",
"000","M","VEF","CAD","1800-01-01","1","1","",
"000","M","VEF","CLP","1800-01-01","1","1","",
"000","M","VEF","EUR","1800-01-01","1","1","",
"000","M","VEF","JPY","1800-01-01","1","1","",
"000","M","VEF","PEN","1800-01-01","1","1","",
"000","M","VEF","USD","1800-01-01","1","1","",
"000","M","VEF","VEB","2001-01-01","1","1000000","M",
"000","M","ZAR","EUR","1800-01-01","1","1","",
"000","M","ZAR","JPY","1800-01-01","1","1","",
"000","M","ZAR","USD","1800-01-01","1","1","",
"000","P","AUD","CAD","1800-01-01","1","1","",
"000","P","AUD","EUR","1800-01-01","1","1","",
"000","P","AUD","GBP","1800-01-01","1","1","",
"000","P","AUD","USD","1800-01-01","1","1","",
"000","P","CAD","AUD","1800-01-01","1","1","",
"000","P","CAD","EUR","1800-01-01","1","1","",
"000","P","CAD","GBP","1800-01-01","1","1","",
"000","P","CAD","USD","1800-01-01","1","1","",
"000","P","CNY","EUR","1800-01-01","1","1","",
"000","P","CNY","USD","1800-01-01","1","1","",
"000","P","DEM","EUR","1800-01-01","1","1","EURO",
"000","P","EUR","AUD","1800-01-01","1","1","",
"000","P","EUR","CAD","1800-01-01","1","1","",
"000","P","EUR","CNY","1800-01-01","1","1","",
"000","P","EUR","DEM","1800-01-01","1","1","EURO",
"000","P","EUR","GBP","1800-01-01","100","1","",
"000","P","EUR","INR","2018-01-01","1","1","",
"000","P","EUR","JPY","1800-01-01","1","1","",
"000","P","EUR","USD","1800-01-01","1","1","",
"000","P","GBP","AUD","1800-01-01","1","1","",
"000","P","GBP","CAD","1800-01-01","1","1","",
"000","P","GBP","EUR","1800-01-01","1","100","",
"000","P","GBP","USD","1800-01-01","1","1","",
"000","P","HUF","USD","1800-01-01","1","1","",
"000","P","INR","EUR","2018-01-01","1","1","",
"000","P","JPY","EUR","1800-01-01","1","1","",
"000","P","JPY","USD","1800-01-01","1","1","",
"000","P","SGD","USD","1800-01-01","1","1","",
"000","P","USD","AUD","1800-01-01","1","1","",
"000","P","USD","CAD","1800-01-01","1","1","",
"000","P","USD","CNY","1800-01-01","1","1","",
"000","P","USD","EUR","1800-01-01","1","1","",
"000","P","USD","GBP","1800-01-01","1","1","",
"000","P","USD","HUF","1800-01-01","1","1","",
"000","P","USD","INR","2018-01-01","1","1","",
"000","P","USD","JPY","1800-01-01","1","1","",
"000","P","USD","SGD","1800-01-01","1","1","",
"000","ZDJ","EUR","USD","1800-01-01","1","1","",
"000","ZDJ","USD","EUR","1800-01-01","1","1","",