Product,Color,Collection,Style,Season,Demographic,Fit,Material
10727,black,Casual,Solid,Winter,Female,Straight,Silk
28359,olive,Dress,Graphic,Summer,Unisex,Loose,Courduroy
44660,teal,Athletic,Pattern,Fall,Female,Straight,Athletic
31033,white,Athletic,Pattern,Summer,Female,Slim,Silk
22284,silver,Dress,Solid,Fall,Male,Straight,Cotton
6103,teal,Athletic,Solid,Spring,Unisex,Loose,Cotton
23522,green,Athletic,Pattern,Winter,Unisex,Slim,Cotton
40840,teal,Athletic,Graphic,Fall,Male,Straight,Silk
14385,lime,Casual,Pattern,Winter,Male,Loose,Cotton
5902,gray,Dress,Graphic,Fall,Unisex,Slim,Cotton
11772,fuchsia,Casual,Solid,Fall,Male,Loose,Courduroy
42318,black,Dress,Graphic,Fall,Unisex,Straight,Denim
21049,fuchsia,Casual,Pattern,Spring,Unisex,Slim,Silk
49694,gray,Casual,Pattern,Spring,Female,Straight,Denim
33739,green,Casual,Graphic,Summer,Unisex,Straight,Denim
7763,blue,Casual,Graphic,Fall,Unisex,Slim,Athletic
38247,white,Athletic,Pattern,Winter,Male,Loose,Athletic
19425,black,Dress,Graphic,Spring,Male,Slim,Athletic
43448,silver,Dress,Pattern,Fall,Female,Loose,Athletic
24521,blue,Athletic,Solid,Winter,Female,Straight,Denim
7843,green,Athletic,Graphic,Fall,Female,Loose,Silk
45934,olive,Dress,Graphic,Spring,Male,Slim,Denim
14842,lime,Athletic,Graphic,Spring,Unisex,Slim,Courduroy
29637,purple,Athletic,Pattern,Winter,Female,Loose,Denim
24484,gray,Dress,Pattern,Winter,Female,Slim,Denim
28569,fuchsia,Dress,Graphic,Fall,Male,Slim,Cotton
28821,yellow,Athletic,Graphic,Summer,Female,Slim,Silk
21868,black,Casual,Pattern,Spring,Female,Straight,Silk
32884,aqua,Athletic,Graphic,Winter,Male,Loose,Athletic
23268,green,Casual,Pattern,Summer,Unisex,Loose,Courduroy
36057,aqua,Athletic,Solid,Summer,Female,Straight,Silk
4256,black,Dress,Solid,Fall,Unisex,Slim,Athletic
46529,silver,Athletic,Graphic,Spring,Male,Straight,Athletic
37235,teal,Athletic,Pattern,Winter,Male,Slim,Cotton
32837,lime,Casual,Graphic,Winter,Unisex,Loose,Courduroy
14610,purple,Casual,Pattern,Spring,Unisex,Straight,Cotton
29029,lime,Athletic,Pattern,Spring,Male,Slim,Denim
48755,black,Athletic,Solid,Winter,Male,Slim,Denim
34189,silver,Athletic,Solid,Winter,Female,Straight,Denim
39180,yellow,Dress,Pattern,Winter,Unisex,Straight,Athletic
17751,yellow,Dress,Pattern,Summer,Female,Slim,Cotton
14341,green,Athletic,Pattern,Winter,Male,Loose,Denim
38593,green,Casual,Pattern,Fall,Unisex,Straight,Athletic
40225,white,Athletic,Graphic,Fall,Male,Loose,Athletic
31639,navy,Dress,Solid,Summer,Male,Slim,Silk
31347,purple,Dress,Solid,Fall,Female,Loose,Silk
42118,aqua,Athletic,Pattern,Winter,Male,Loose,Courduroy
5344,lime,Casual,Pattern,Summer,Male,Slim,Cotton
6179,green,Casual,Solid,Spring,Unisex,Straight,Athletic
42203,teal,Athletic,Solid,Summer,Female,Straight,Athletic
2987,silver,Athletic,Pattern,Fall,Female,Loose,Courduroy
9423,yellow,Athletic,Solid,Spring,Female,Loose,Silk
27047,gray,Dress,Solid,Fall,Female,Slim,Athletic
45937,green,Dress,Graphic,Spring,Unisex,Loose,Silk
41832,purple,Dress,Solid,Winter,Male,Loose,Cotton
20392,maroon,Athletic,Graphic,Spring,Male,Straight,Silk
36605,white,Dress,Pattern,Fall,Female,Slim,Denim
34500,navy,Casual,Solid,Summer,Male,Loose,Denim
48551,navy,Athletic,Solid,Fall,Unisex,Slim,Denim
44396,green,Dress,Solid,Spring,Male,Straight,Silk
46917,aqua,Dress,Pattern,Summer,Female,Straight,Athletic
1739,maroon,Dress,Solid,Spring,Female,Straight,Denim
26789,maroon,Athletic,Graphic,Spring,Male,Slim,Denim
21506,navy,Casual,Solid,Spring,Female,Straight,Athletic
19728,black,Athletic,Solid,Spring,Female,Loose,Denim
17907,lime,Athletic,Solid,Winter,Male,Loose,Courduroy
38193,olive,Athletic,Solid,Winter,Unisex,Slim,Cotton
42462,white,Casual,Pattern,Winter,Female,Slim,Courduroy
27740,white,Casual,Solid,Winter,Female,Straight,Athletic
18484,lime,Casual,Solid,Fall,Unisex,Slim,Denim
49709,blue,Dress,Solid,Fall,Male,Slim,Athletic
7712,aqua,Athletic,Pattern,Fall,Male,Loose,Silk
38717,green,Dress,Graphic,Fall,Female,Loose,Silk
44748,navy,Dress,Solid,Summer,Female,Loose,Cotton
49652,green,Casual,Solid,Spring,Unisex,Loose,Silk
18019,lime,Dress,Solid,Fall,Female,Slim,Athletic
23358,lime,Casual,Pattern,Winter,Female,Loose,Cotton
29328,navy,Athletic,Graphic,Winter,Unisex,Straight,Denim
30558,aqua,Athletic,Graphic,Spring,Female,Loose,Cotton
14710,gray,Dress,Graphic,Summer,Female,Slim,Denim
30145,olive,Dress,Solid,Spring,Male,Loose,Athletic
3491,navy,Athletic,Pattern,Fall,Unisex,Slim,Silk
41982,black,Casual,Solid,Winter,Unisex,Loose,Courduroy
14676,olive,Dress,Graphic,Spring,Female,Loose,Silk
29343,fuchsia,Athletic,Solid,Summer,Unisex,Loose,Denim
35134,black,Casual,Graphic,Summer,Unisex,Slim,Denim
27049,black,Casual,Graphic,Winter,Unisex,Straight,Silk
3879,teal,Athletic,Solid,Spring,Male,Slim,Cotton
31858,teal,Dress,Graphic,Winter,Unisex,Loose,Athletic
24720,navy,Athletic,Solid,Fall,Unisex,Straight,Cotton
40523,black,Casual,Graphic,Spring,Male,Slim,Denim
15793,yellow,Casual,Graphic,Spring,Female,Straight,Denim
48685,white,Athletic,Pattern,Fall,Male,Slim,Silk
45328,black,Dress,Solid,Winter,Female,Loose,Denim
24966,black,Dress,Solid,Fall,Female,Straight,Courduroy
26211,maroon,Athletic,Graphic,Winter,Unisex,Loose,Courduroy
37128,black,Dress,Pattern,Spring,Female,Loose,Silk
27796,maroon,Casual,Pattern,Spring,Female,Slim,Courduroy
6889,fuchsia,Dress,Solid,Winter,Female,Slim,Cotton
21300,yellow,Casual,Solid,Summer,Female,Slim,Cotton
37173,white,Dress,Graphic,Spring,Unisex,Slim,Courduroy
41447,olive,Casual,Graphic,Spring,Unisex,Straight,Athletic
42987,aqua,Dress,Pattern,Fall,Female,Straight,Athletic
23177,green,Dress,Pattern,Spring,Unisex,Straight,Cotton
10598,olive,Casual,Graphic,Summer,Male,Straight,Denim
4976,yellow,Dress,Solid,Fall,Unisex,Slim,Silk
46528,silver,Athletic,Solid,Spring,Male,Loose,Denim
21631,maroon,Dress,Pattern,Spring,Male,Straight,Silk
6537,lime,Casual,Pattern,Fall,Female,Slim,Silk
42804,green,Athletic,Solid,Summer,Female,Slim,Denim
34519,blue,Dress,Graphic,Winter,Unisex,Loose,Cotton
17880,purple,Dress,Solid,Spring,Unisex,Straight,Courduroy
1920,navy,Casual,Pattern,Winter,Female,Straight,Denim
28725,maroon,Casual,Pattern,Winter,Male,Straight,Denim
5710,blue,Athletic,Pattern,Summer,Male,Straight,Athletic
43961,lime,Dress,Graphic,Summer,Female,Loose,Courduroy
7543,white,Dress,Pattern,Fall,Unisex,Straight,Denim
23309,green,Casual,Solid,Fall,Unisex,Slim,Denim
26323,olive,Casual,Pattern,Fall,Unisex,Loose,Courduroy
3799,aqua,Athletic,Graphic,Winter,Female,Loose,Cotton
36910,yellow,Casual,Pattern,Fall,Male,Loose,Courduroy
26896,blue,Casual,Graphic,Spring,Female,Loose,Courduroy
6538,silver,Casual,Graphic,Summer,Male,Slim,Denim
32189,teal,Athletic,Pattern,Fall,Unisex,Straight,Courduroy
22940,olive,Athletic,Pattern,Spring,Female,Slim,Cotton
19293,black,Casual,Pattern,Spring,Unisex,Straight,Cotton
43707,olive,Dress,Graphic,Summer,Female,Slim,Silk
35391,black,Dress,Solid,Summer,Unisex,Slim,Silk
41581,lime,Casual,Pattern,Fall,Female,Loose,Silk
20765,teal,Dress,Graphic,Spring,Male,Straight,Courduroy
42703,olive,Athletic,Pattern,Summer,Unisex,Slim,Athletic
28673,green,Athletic,Graphic,Winter,Female,Straight,Denim
29721,purple,Dress,Solid,Summer,Male,Slim,Silk
1989,yellow,Dress,Pattern,Fall,Male,Loose,Athletic
41807,purple,Dress,Pattern,Spring,Female,Straight,Cotton
10249,teal,Athletic,Solid,Fall,Male,Straight,Silk
5023,lime,Athletic,Graphic,Spring,Unisex,Loose,Silk
34091,teal,Casual,Graphic,Fall,Unisex,Straight,Athletic
34416,gray,Casual,Solid,Summer,Unisex,Slim,Cotton
14322,fuchsia,Athletic,Pattern,Fall,Unisex,Straight,Cotton
18348,olive,Athletic,Solid,Spring,Female,Slim,Courduroy
16591,black,Athletic,Pattern,Winter,Male,Loose,Denim
48552,gray,Casual,Graphic,Summer,Female,Straight,Silk
13004,aqua,Dress,Pattern,Fall,Male,Slim,Silk
17223,gray,Casual,Pattern,Summer,Unisex,Straight,Cotton
32261,olive,Casual,Pattern,Fall,Female,Loose,Courduroy
42372,black,Dress,Pattern,Winter,Male,Straight,Denim
26249,olive,Dress,Graphic,Fall,Unisex,Loose,Cotton
44646,teal,Dress,Solid,Winter,Male,Straight,Courduroy
38803,aqua,Athletic,Pattern,Winter,Unisex,Straight,Silk
17085,teal,Athletic,Pattern,Fall,Unisex,Loose,Cotton
25057,yellow,Casual,Graphic,Summer,Female,Slim,Denim
49160,gray,Athletic,Graphic,Summer,Unisex,Straight,Silk
9565,purple,Dress,Solid,Winter,Male,Straight,Cotton
7513,lime,Athletic,Pattern,Spring,Female,Loose,Silk
28727,green,Athletic,Graphic,Winter,Female,Loose,Courduroy
27365,aqua,Athletic,Solid,Fall,Unisex,Straight,Cotton
46808,green,Athletic,Graphic,Winter,Male,Loose,Courduroy
29885,yellow,Athletic,Graphic,Summer,Female,Slim,Silk
10638,white,Dress,Solid,Winter,Male,Loose,Silk
17332,purple,Casual,Solid,Winter,Male,Loose,Courduroy
32088,white,Casual,Solid,Winter,Female,Straight,Athletic
19905,gray,Casual,Graphic,Spring,Unisex,Slim,Courduroy
29078,maroon,Casual,Graphic,Spring,Female,Straight,Denim
32872,green,Athletic,Pattern,Summer,Female,Slim,Courduroy
39380,maroon,Casual,Graphic,Winter,Unisex,Loose,Athletic
49189,lime,Athletic,Graphic,Summer,Unisex,Loose,Cotton
36440,maroon,Casual,Pattern,Winter,Unisex,Slim,Athletic
43608,aqua,Dress,Solid,Summer,Female,Slim,Denim
8574,fuchsia,Casual,Graphic,Summer,Female,Loose,Denim
48133,white,Dress,Pattern,Summer,Male,Straight,Denim
9630,maroon,Dress,Solid,Winter,Female,Straight,Denim
5172,navy,Dress,Graphic,Fall,Female,Slim,Denim
2020,gray,Athletic,Pattern,Spring,Female,Loose,Silk
25036,gray,Casual,Solid,Summer,Female,Slim,Athletic
17600,black,Dress,Pattern,Fall,Female,Straight,Courduroy
27465,green,Athletic,Pattern,Spring,Male,Slim,Courduroy
41481,green,Athletic,Solid,Summer,Female,Loose,Silk
20909,teal,Casual,Solid,Fall,Unisex,Loose,Courduroy
11475,black,Casual,Solid,Fall,Male,Loose,Courduroy
1802,teal,Casual,Solid,Fall,Male,Straight,Athletic
4298,silver,Athletic,Graphic,Spring,Unisex,Loose,Denim
3630,white,Dress,Graphic,Winter,Unisex,Straight,Silk
1998,black,Casual,Pattern,Fall,Male,Loose,Denim
47212,navy,Casual,Solid,Fall,Female,Slim,Denim
5797,maroon,Dress,Graphic,Summer,Unisex,Slim,Denim
20554,teal,Athletic,Pattern,Winter,Male,Slim,Silk
15959,yellow,Casual,Solid,Summer,Female,Loose,Courduroy
32070,olive,Casual,Pattern,Summer,Female,Loose,Courduroy
2645,navy,Athletic,Solid,Spring,Unisex,Slim,Courduroy
18997,lime,Casual,Graphic,Fall,Male,Straight,Silk
40837,navy,Casual,Pattern,Summer,Male,Straight,Cotton
5003,white,Casual,Graphic,Fall,Male,Straight,Courduroy
12487,olive,Athletic,Graphic,Spring,Male,Slim,Denim
45505,gray,Athletic,Pattern,Fall,Male,Slim,Denim
25450,aqua,Athletic,Pattern,Spring,Female,Slim,Athletic
5658,maroon,Dress,Solid,Fall,Unisex,Slim,Silk
21687,maroon,Athletic,Graphic,Fall,Male,Slim,Denim
37197,gray,Athletic,Solid,Spring,Unisex,Slim,Courduroy
30634,teal,Dress,Solid,Fall,Unisex,Straight,Courduroy
47712,olive,Athletic,Solid,Fall,Female,Straight,Cotton
3395,fuchsia,Casual,Pattern,Spring,Unisex,Slim,Cotton
10832,black,Athletic,Graphic,Fall,Female,Slim,Athletic
37640,maroon,Casual,Graphic,Summer,Female,Loose,Silk
22297,navy,Dress,Solid,Fall,Unisex,Slim,Athletic
21032,gray,Casual,Pattern,Fall,Unisex,Slim,Cotton
41566,lime,Casual,Solid,Winter,Male,Straight,Courduroy
20254,yellow,Athletic,Pattern,Spring,Unisex,Loose,Athletic
33972,lime,Athletic,Graphic,Fall,Female,Slim,Courduroy
12993,black,Athletic,Solid,Summer,Female,Straight,Denim
10538,aqua,Casual,Pattern,Summer,Male,Slim,Courduroy
41763,aqua,Casual,Graphic,Winter,Female,Loose,Denim
4696,white,Dress,Solid,Summer,Female,Slim,Cotton
5808,yellow,Casual,Graphic,Summer,Female,Loose,Silk
10097,teal,Casual,Solid,Summer,Male,Straight,Denim
11939,yellow,Athletic,Pattern,Winter,Female,Straight,Cotton
25178,maroon,Athletic,Graphic,Fall,Female,Loose,Silk
29396,lime,Dress,Graphic,Spring,Male,Slim,Cotton
9507,green,Athletic,Solid,Spring,Unisex,Straight,Silk
23064,blue,Casual,Pattern,Summer,Female,Straight,Courduroy
23004,maroon,Casual,Pattern,Summer,Unisex,Straight,Denim
29585,lime,Casual,Graphic,Spring,Female,Loose,Silk
16886,lime,Dress,Graphic,Winter,Male,Straight,Denim
1817,purple,Athletic,Solid,Spring,Male,Straight,Athletic
21885,olive,Dress,Graphic,Fall,Female,Straight,Courduroy
24772,blue,Casual,Solid,Summer,Female,Slim,Denim
36554,gray,Athletic,Graphic,Spring,Male,Straight,Denim
12629,purple,Casual,Pattern,Spring,Female,Loose,Denim
13839,maroon,Athletic,Graphic,Fall,Male,Slim,Athletic
24568,purple,Dress,Graphic,Winter,Male,Slim,Athletic
32860,olive,Athletic,Pattern,Summer,Female,Straight,Courduroy
7085,white,Casual,Graphic,Fall,Female,Loose,Silk
12064,purple,Dress,Graphic,Summer,Unisex,Slim,Courduroy
30719,lime,Athletic,Pattern,Summer,Male,Slim,Silk
45297,silver,Athletic,Graphic,Winter,Unisex,Slim,Cotton
43333,maroon,Casual,Solid,Spring,Male,Straight,Athletic
31845,maroon,Dress,Graphic,Spring,Female,Straight,Silk
24651,yellow,Dress,Solid,Winter,Female,Straight,Silk
1897,blue,Dress,Graphic,Winter,Unisex,Loose,Denim
3807,teal,Athletic,Solid,Fall,Male,Straight,Denim
43761,purple,Casual,Graphic,Summer,Unisex,Slim,Courduroy
28994,purple,Dress,Solid,Summer,Male,Loose,Athletic
36142,silver,Athletic,Graphic,Summer,Male,Straight,Silk
46838,black,Dress,Solid,Fall,Male,Loose,Denim
9137,green,Casual,Graphic,Winter,Unisex,Straight,Athletic
12615,fuchsia,Casual,Pattern,Fall,Unisex,Slim,Cotton
11955,blue,Athletic,Pattern,Winter,Unisex,Loose,Cotton
7769,fuchsia,Dress,Solid,Fall,Male,Straight,Athletic
43537,white,Athletic,Pattern,Spring,Female,Slim,Courduroy
24932,silver,Athletic,Pattern,Fall,Male,Slim,Silk
28280,yellow,Dress,Graphic,Winter,Unisex,Slim,Denim
1133,navy,Athletic,Graphic,Fall,Female,Loose,Denim
46253,olive,Dress,Solid,Winter,Unisex,Slim,Cotton
15687,lime,Casual,Graphic,Spring,Male,Slim,Denim
7612,gray,Dress,Solid,Spring,Female,Slim,Silk
26552,aqua,Casual,Solid,Spring,Female,Straight,Cotton
8089,teal,Dress,Solid,Summer,Female,Straight,Athletic
23319,teal,Dress,Graphic,Summer,Unisex,Straight,Silk
37870,black,Casual,Solid,Summer,Unisex,Straight,Denim
34160,green,Dress,Graphic,Summer,Male,Straight,Denim
44345,maroon,Athletic,Solid,Fall,Unisex,Straight,Silk
31905,aqua,Athletic,Graphic,Winter,Male,Loose,Silk
29936,olive,Dress,Graphic,Fall,Male,Slim,Athletic
5051,gray,Casual,Solid,Spring,Female,Slim,Denim
18148,white,Dress,Solid,Fall,Female,Straight,Cotton
47540,silver,Athletic,Graphic,Summer,Unisex,Loose,Denim
25078,green,Athletic,Pattern,Winter,Female,Slim,Denim
41325,navy,Casual,Pattern,Spring,Male,Straight,Denim
48002,gray,Athletic,Graphic,Fall,Male,Slim,Denim
42982,navy,Casual,Solid,Summer,Unisex,Loose,Silk
25166,lime,Dress,Pattern,Winter,Unisex,Slim,Courduroy
4873,silver,Dress,Graphic,Winter,Male,Straight,Denim
32353,aqua,Dress,Graphic,Summer,Male,Loose,Silk
49916,yellow,Dress,Graphic,Spring,Female,Straight,Courduroy
11912,yellow,Athletic,Solid,Spring,Female,Slim,Athletic
19976,black,Dress,Graphic,Fall,Male,Slim,Cotton
44757,fuchsia,Dress,Pattern,Spring,Female,Slim,Silk
29313,black,Dress,Solid,Fall,Male,Loose,Courduroy
38376,aqua,Athletic,Pattern,Summer,Unisex,Loose,Silk
9839,olive,Casual,Pattern,Spring,Male,Loose,Athletic
14164,teal,Casual,Pattern,Winter,Unisex,Straight,Denim
47040,green,Athletic,Graphic,Summer,Male,Loose,Cotton
8434,green,Casual,Graphic,Fall,Female,Loose,Courduroy
19439,fuchsia,Athletic,Pattern,Fall,Unisex,Loose,Denim
43998,lime,Athletic,Graphic,Fall,Unisex,Loose,Denim
5345,green,Athletic,Pattern,Fall,Unisex,Slim,Courduroy
9792,maroon,Casual,Pattern,Winter,Male,Loose,Athletic
13354,olive,Casual,Graphic,Winter,Unisex,Loose,Denim
17346,blue,Dress,Pattern,Fall,Female,Loose,Courduroy
28913,maroon,Casual,Solid,Spring,Unisex,Loose,Courduroy
35443,maroon,Dress,Pattern,Winter,Unisex,Slim,Courduroy
43549,yellow,Dress,Pattern,Fall,Female,Loose,Cotton
32248,teal,Athletic,Graphic,Winter,Unisex,Loose,Cotton
45281,black,Athletic,Solid,Winter,Male,Loose,Cotton
45211,blue,Casual,Solid,Summer,Unisex,Straight,Cotton
8595,maroon,Dress,Pattern,Spring,Male,Slim,Athletic
2105,black,Dress,Graphic,Winter,Unisex,Straight,Denim
5527,green,Casual,Solid,Winter,Female,Straight,Silk
5854,black,Casual,Graphic,Fall,Male,Loose,Cotton
10629,fuchsia,Casual,Graphic,Spring,Female,Straight,Cotton
25288,gray,Athletic,Graphic,Summer,Female,Slim,Courduroy
22244,purple,Casual,Graphic,Fall,Unisex,Straight,Silk
1641,navy,Athletic,Pattern,Summer,Unisex,Slim,Courduroy
43547,navy,Athletic,Graphic,Spring,Unisex,Loose,Silk
10410,olive,Athletic,Pattern,Summer,Male,Loose,Denim
4357,black,Dress,Pattern,Fall,Female,Straight,Cotton
4109,fuchsia,Athletic,Pattern,Fall,Unisex,Straight,Silk
37558,green,Athletic,Pattern,Spring,Female,Loose,Denim
24400,green,Athletic,Pattern,Winter,Unisex,Slim,Silk
29417,lime,Athletic,Pattern,Fall,Unisex,Straight,Denim
31531,yellow,Dress,Pattern,Winter,Unisex,Loose,Athletic
13621,white,Athletic,Pattern,Fall,Female,Slim,Courduroy
7229,aqua,Dress,Graphic,Summer,Male,Straight,Courduroy
2305,navy,Casual,Pattern,Fall,Male,Slim,Courduroy
1248,gray,Casual,Solid,Spring,Unisex,Slim,Cotton
9525,purple,Dress,Pattern,Winter,Female,Loose,Silk
45292,purple,Athletic,Solid,Summer,Unisex,Slim,Courduroy
34037,fuchsia,Casual,Pattern,Summer,Unisex,Loose,Cotton
4577,olive,Athletic,Solid,Winter,Unisex,Straight,Silk
35377,navy,Dress,Graphic,Spring,Male,Loose,Athletic
2278,purple,Athletic,Pattern,Summer,Male,Slim,Cotton
6283,white,Athletic,Graphic,Summer,Male,Slim,Athletic
9188,teal,Dress,Solid,Winter,Male,Loose,Cotton
26952,black,Athletic,Pattern,Summer,Female,Slim,Athletic
32959,teal,Dress,Solid,Winter,Male,Straight,Denim
3881,aqua,Casual,Pattern,Fall,Male,Straight,Denim
15370,black,Dress,Pattern,Summer,Male,Straight,Silk
43008,purple,Dress,Graphic,Summer,Female,Slim,Courduroy
28986,gray,Casual,Pattern,Fall,Female,Loose,Courduroy
19930,fuchsia,Dress,Pattern,Fall,Unisex,Slim,Cotton
23122,silver,Dress,Pattern,Winter,Male,Slim,Silk
5456,lime,Casual,Pattern,Winter,Unisex,Slim,Athletic
9597,teal,Casual,Solid,Spring,Male,Slim,Denim
48598,olive,Athletic,Graphic,Fall,Unisex,Slim,Athletic
39699,aqua,Athletic,Graphic,Fall,Male,Loose,Courduroy
46972,navy,Dress,Graphic,Summer,Male,Straight,Cotton
8267,purple,Casual,Pattern,Winter,Female,Straight,Athletic
6701,lime,Athletic,Graphic,Fall,Female,Slim,Denim
14008,fuchsia,Casual,Solid,Spring,Female,Straight,Athletic
9508,silver,Dress,Pattern,Winter,Female,Slim,Silk
3316,gray,Athletic,Solid,Winter,Male,Loose,Denim
11326,teal,Casual,Solid,Spring,Female,Slim,Courduroy
7239,white,Casual,Graphic,Winter,Male,Loose,Athletic
3394,blue,Dress,Graphic,Fall,Female,Loose,Athletic
15493,navy,Athletic,Pattern,Spring,Male,Slim,Cotton
17816,fuchsia,Dress,Solid,Winter,Male,Straight,Cotton
41671,gray,Dress,Solid,Summer,Male,Slim,Courduroy
32695,gray,Dress,Pattern,Spring,Female,Loose,Athletic
31065,silver,Casual,Solid,Spring,Male,Loose,Athletic
40315,black,Casual,Pattern,Winter,Female,Straight,Denim
32332,yellow,Casual,Graphic,Spring,Male,Loose,Denim
20347,blue,Dress,Pattern,Summer,Unisex,Slim,Denim
25901,silver,Athletic,Solid,Fall,Male,Slim,Athletic
44112,blue,Casual,Solid,Spring,Female,Loose,Cotton
27424,purple,Casual,Solid,Winter,Female,Straight,Silk
22585,teal,Casual,Solid,Fall,Unisex,Slim,Cotton
4457,olive,Athletic,Solid,Spring,Male,Straight,Denim
10793,blue,Dress,Solid,Summer,Unisex,Loose,Silk
10096,maroon,Athletic,Pattern,Winter,Male,Straight,Cotton
46545,yellow,Casual,Graphic,Fall,Male,Loose,Athletic
43740,green,Casual,Pattern,Summer,Male,Straight,Silk
37338,blue,Athletic,Pattern,Spring,Male,Slim,Cotton
37598,olive,Athletic,Graphic,Spring,Female,Loose,Silk
37404,aqua,Dress,Graphic,Spring,Male,Loose,Denim
5115,lime,Dress,Pattern,Summer,Male,Loose,Cotton
22394,gray,Athletic,Solid,Summer,Unisex,Slim,Denim
34713,gray,Athletic,Solid,Winter,Unisex,Slim,Cotton
49823,purple,Casual,Graphic,Spring,Male,Loose,Cotton
25123,green,Casual,Pattern,Summer,Male,Loose,Athletic
39496,olive,Dress,Pattern,Spring,Female,Straight,Athletic
38216,fuchsia,Casual,Pattern,Fall,Female,Loose,Athletic
6496,white,Athletic,Pattern,Summer,Female,Slim,Silk
48119,lime,Casual,Pattern,Winter,Male,Straight,Silk
38666,fuchsia,Dress,Pattern,Summer,Male,Straight,Silk
38758,gray,Casual,Pattern,Summer,Female,Straight,Silk
33364,white,Dress,Graphic,Fall,Male,Straight,Athletic
13998,aqua,Casual,Pattern,Winter,Male,Slim,Athletic
17492,green,Casual,Solid,Winter,Unisex,Loose,Cotton
9328,yellow,Athletic,Graphic,Summer,Unisex,Loose,Silk
32023,green,Casual,Pattern,Spring,Unisex,Straight,Courduroy
24994,white,Casual,Solid,Fall,Male,Slim,Cotton
10946,fuchsia,Dress,Pattern,Fall,Unisex,Straight,Silk
20908,lime,Athletic,Graphic,Spring,Unisex,Straight,Athletic
49993,teal,Athletic,Solid,Spring,Female,Loose,Courduroy
22422,gray,Casual,Graphic,Spring,Unisex,Loose,Silk
1351,purple,Dress,Solid,Summer,Female,Loose,Cotton
47083,green,Athletic,Graphic,Fall,Male,Straight,Courduroy
23343,silver,Athletic,Pattern,Summer,Unisex,Loose,Courduroy
49986,yellow,Casual,Pattern,Spring,Female,Slim,Denim
10592,blue,Casual,Graphic,Summer,Female,Loose,Cotton
37417,aqua,Casual,Solid,Winter,Unisex,Loose,Courduroy
42178,olive,Dress,Pattern,Spring,Male,Loose,Silk
21461,fuchsia,Dress,Solid,Winter,Unisex,Loose,Courduroy
39427,fuchsia,Casual,Pattern,Winter,Female,Straight,Denim
21978,silver,Casual,Graphic,Summer,Unisex,Straight,Cotton
22485,lime,Athletic,Pattern,Summer,Unisex,Slim,Cotton
31776,fuchsia,Athletic,Pattern,Spring,Male,Slim,Cotton
41044,navy,Dress,Solid,Summer,Female,Slim,Silk
16411,purple,Athletic,Solid,Spring,Male,Loose,Cotton
49459,aqua,Dress,Solid,Winter,Male,Straight,Silk
37864,silver,Dress,Pattern,Winter,Female,Straight,Athletic
47738,maroon,Dress,Pattern,Winter,Male,Loose,Silk
16828,white,Athletic,Graphic,Summer,Male,Straight,Courduroy
4781,teal,Athletic,Pattern,Fall,Male,Straight,Cotton
28663,navy,Dress,Solid,Spring,Unisex,Loose,Courduroy
36182,fuchsia,Dress,Solid,Spring,Male,Slim,Cotton
3921,aqua,Casual,Pattern,Winter,Unisex,Slim,Athletic
16527,fuchsia,Athletic,Solid,Spring,Male,Slim,Silk
7290,lime,Athletic,Graphic,Fall,Unisex,Straight,Denim
15957,green,Casual,Graphic,Summer,Unisex,Loose,Athletic
48488,teal,Dress,Pattern,Summer,Male,Loose,Courduroy
29270,teal,Athletic,Pattern,Fall,Female,Loose,Courduroy
35332,lime,Dress,Pattern,Fall,Female,Slim,Athletic
47314,fuchsia,Casual,Graphic,Summer,Unisex,Loose,Denim
46826,aqua,Athletic,Pattern,Fall,Male,Straight,Athletic
4676,yellow,Casual,Graphic,Winter,Male,Loose,Denim
9829,olive,Athletic,Solid,Spring,Female,Slim,Athletic
45368,blue,Dress,Solid,Fall,Female,Loose,Silk
26844,purple,Casual,Graphic,Winter,Male,Slim,Cotton
6603,teal,Dress,Solid,Winter,Male,Straight,Silk
17807,green,Dress,Graphic,Spring,Female,Straight,Cotton
24120,purple,Dress,Pattern,Summer,Unisex,Slim,Athletic
10015,black,Athletic,Graphic,Winter,Female,Slim,Silk
8558,blue,Casual,Graphic,Winter,Male,Slim,Silk
42807,blue,Athletic,Graphic,Spring,Unisex,Slim,Courduroy
49642,maroon,Casual,Solid,Spring,Female,Straight,Denim
16440,green,Athletic,Graphic,Summer,Female,Loose,Cotton
25402,silver,Dress,Solid,Winter,Male,Straight,Courduroy
26593,teal,Athletic,Solid,Summer,Female,Straight,Cotton
17330,purple,Athletic,Solid,Spring,Female,Straight,Denim
37557,green,Dress,Graphic,Winter,Unisex,Loose,Cotton
45395,silver,Casual,Pattern,Fall,Unisex,Slim,Silk
2689,white,Dress,Solid,Spring,Female,Loose,Athletic
42211,yellow,Casual,Solid,Winter,Unisex,Loose,Athletic
6516,olive,Casual,Pattern,Winter,Female,Straight,Silk
34420,green,Athletic,Graphic,Fall,Female,Slim,Cotton
49336,olive,Dress,Pattern,Summer,Unisex,Straight,Denim
23093,yellow,Dress,Pattern,Winter,Unisex,Slim,Courduroy
14739,aqua,Casual,Solid,Spring,Unisex,Slim,Silk
39936,yellow,Casual,Solid,Spring,Unisex,Loose,Silk
29675,lime,Dress,Graphic,Fall,Unisex,Straight,Denim
17557,silver,Athletic,Solid,Fall,Female,Loose,Cotton
14222,fuchsia,Casual,Pattern,Winter,Male,Straight,Athletic
1692,green,Casual,Graphic,Winter,Unisex,Straight,Cotton
44957,gray,Dress,Solid,Summer,Female,Slim,Athletic
46308,lime,Athletic,Solid,Spring,Unisex,Slim,Athletic
19647,fuchsia,Casual,Pattern,Summer,Male,Straight,Silk
42078,lime,Athletic,Graphic,Summer,Female,Straight,Athletic
25763,purple,Casual,Graphic,Winter,Male,Loose,Silk
3815,yellow,Athletic,Pattern,Winter,Female,Slim,Athletic
48987,aqua,Athletic,Graphic,Spring,Male,Loose,Cotton
39821,teal,Dress,Graphic,Winter,Unisex,Slim,Athletic
17569,yellow,Athletic,Graphic,Summer,Unisex,Straight,Cotton
1818,white,Casual,Pattern,Winter,Unisex,Slim,Cotton
7051,navy,Athletic,Solid,Spring,Male,Slim,Denim
33217,maroon,Dress,Solid,Summer,Female,Slim,Silk
18480,lime,Athletic,Solid,Spring,Unisex,Loose,Athletic
12959,gray,Dress,Pattern,Winter,Male,Straight,Athletic
34169,lime,Casual,Graphic,Summer,Male,Slim,Courduroy
17546,yellow,Casual,Pattern,Spring,Unisex,Slim,Athletic
21615,fuchsia,Athletic,Solid,Fall,Male,Slim,Cotton
30089,aqua,Athletic,Pattern,Winter,Male,Slim,Denim
29635,green,Athletic,Graphic,Fall,Female,Straight,Courduroy
27098,fuchsia,Athletic,Pattern,Fall,Male,Straight,Courduroy
49324,blue,Dress,Solid,Winter,Male,Loose,Courduroy
47949,maroon,Athletic,Pattern,Summer,Male,Straight,Courduroy
9802,lime,Dress,Graphic,Spring,Unisex,Straight,Denim
33887,gray,Dress,Solid,Fall,Unisex,Straight,Athletic
4023,gray,Dress,Solid,Fall,Female,Straight,Silk
48550,green,Athletic,Graphic,Fall,Female,Slim,Athletic
20271,blue,Casual,Pattern,Winter,Female,Slim,Denim
47907,navy,Dress,Graphic,Summer,Unisex,Slim,Cotton
37748,black,Dress,Pattern,Summer,Female,Straight,Denim
17455,white,Casual,Pattern,Spring,Male,Loose,Silk
1236,black,Athletic,Solid,Winter,Male,Straight,Silk
49564,aqua,Dress,Solid,Summer,Female,Slim,Silk
7158,fuchsia,Athletic,Solid,Summer,Female,Straight,Denim
14206,purple,Casual,Graphic,Spring,Female,Loose,Cotton
22042,lime,Athletic,Graphic,Summer,Female,Loose,Denim
24277,white,Casual,Graphic,Fall,Unisex,Straight,Silk
24001,lime,Casual,Solid,Summer,Male,Straight,Cotton
17652,aqua,Casual,Pattern,Summer,Male,Straight,Athletic
20275,white,Dress,Graphic,Summer,Female,Slim,Courduroy
38687,maroon,Dress,Solid,Fall,Male,Loose,Athletic
27810,lime,Athletic,Graphic,Fall,Unisex,Loose,Athletic
41749,olive,Athletic,Solid,Winter,Unisex,Slim,Courduroy
12876,green,Casual,Graphic,Summer,Male,Loose,Athletic
21363,blue,Dress,Pattern,Fall,Male,Loose,Courduroy
33536,silver,Athletic,Graphic,Winter,Unisex,Slim,Denim
45356,silver,Casual,Graphic,Winter,Male,Straight,Athletic
23810,gray,Athletic,Pattern,Winter,Female,Straight,Silk
42172,white,Dress,Graphic,Winter,Male,Straight,Denim
46191,aqua,Athletic,Solid,Summer,Unisex,Loose,Silk
24748,black,Athletic,Graphic,Winter,Male,Loose,Cotton
38115,navy,Athletic,Solid,Fall,Unisex,Slim,Cotton
40521,green,Casual,Pattern,Winter,Male,Loose,Denim
43771,gray,Dress,Pattern,Spring,Male,Loose,Denim
23371,olive,Athletic,Solid,Fall,Male,Loose,Denim
43270,green,Dress,Solid,Winter,Unisex,Slim,Cotton
29308,teal,Athletic,Solid,Summer,Unisex,Loose,Denim
16679,navy,Dress,Solid,Fall,Unisex,Straight,Denim
30443,white,Casual,Pattern,Summer,Unisex,Straight,Cotton
15285,fuchsia,Athletic,Graphic,Summer,Male,Loose,Denim
18201,green,Dress,Graphic,Fall,Male,Straight,Athletic
23310,navy,Casual,Solid,Spring,Male,Loose,Silk
28858,lime,Dress,Graphic,Spring,Unisex,Straight,Denim
31068,olive,Casual,Solid,Spring,Unisex,Slim,Cotton
13800,silver,Casual,Pattern,Summer,Unisex,Loose,Denim
29783,green,Athletic,Pattern,Fall,Female,Straight,Athletic
38531,blue,Dress,Solid,Spring,Female,Loose,Denim
8613,gray,Dress,Graphic,Spring,Unisex,Straight,Silk
43668,lime,Athletic,Solid,Winter,Male,Straight,Athletic
47124,navy,Casual,Graphic,Fall,Male,Loose,Courduroy
10480,gray,Dress,Graphic,Summer,Unisex,Loose,Cotton
35612,aqua,Athletic,Pattern,Winter,Male,Slim,Athletic
5887,teal,Casual,Pattern,Fall,Female,Loose,Denim
38073,silver,Dress,Solid,Spring,Male,Loose,Denim
22275,maroon,Dress,Pattern,Summer,Female,Straight,Denim
49243,fuchsia,Dress,Solid,Spring,Female,Straight,Denim
27002,yellow,Dress,Solid,Spring,Male,Slim,Denim
19721,black,Athletic,Solid,Winter,Unisex,Loose,Cotton
14258,maroon,Dress,Pattern,Winter,Unisex,Loose,Courduroy
25491,fuchsia,Dress,Solid,Winter,Male,Straight,Athletic
20628,aqua,Casual,Graphic,Spring,Male,Loose,Cotton
10772,gray,Dress,Solid,Summer,Male,Straight,Silk
48069,green,Athletic,Graphic,Winter,Male,Loose,Athletic
5301,teal,Athletic,Pattern,Winter,Male,Slim,Courduroy
31864,lime,Athletic,Pattern,Winter,Unisex,Loose,Courduroy
1722,yellow,Athletic,Pattern,Summer,Unisex,Straight,Athletic
24828,olive,Dress,Pattern,Spring,Male,Loose,Silk
10019,teal,Athletic,Graphic,Fall,Male,Slim,Silk
8278,lime,Athletic,Graphic,Spring,Unisex,Loose,Silk
38145,maroon,Athletic,Solid,Summer,Female,Straight,Silk
2626,purple,Athletic,Graphic,Summer,Male,Straight,Cotton
48546,navy,Dress,Solid,Spring,Female,Slim,Denim
3100,white,Casual,Pattern,Fall,Male,Loose,Denim
17449,aqua,Casual,Graphic,Spring,Unisex,Slim,Courduroy
38374,black,Athletic,Solid,Summer,Unisex,Straight,Cotton
2584,silver,Dress,Pattern,Summer,Male,Straight,Silk
10553,fuchsia,Casual,Solid,Spring,Unisex,Slim,Cotton
31345,navy,Dress,Graphic,Summer,Unisex,Straight,Denim
20645,maroon,Athletic,Solid,Spring,Male,Slim,Courduroy
16252,teal,Dress,Solid,Spring,Unisex,Straight,Athletic
47731,lime,Casual,Pattern,Fall,Female,Loose,Athletic
48089,teal,Casual,Solid,Spring,Unisex,Loose,Courduroy
16958,yellow,Casual,Graphic,Summer,Female,Slim,Cotton
33732,black,Athletic,Graphic,Fall,Male,Straight,Athletic
15542,teal,Dress,Pattern,Spring,Female,Loose,Cotton
28999,maroon,Athletic,Pattern,Spring,Unisex,Slim,Athletic
24983,fuchsia,Casual,Pattern,Spring,Unisex,Slim,Cotton
20383,silver,Dress,Graphic,Summer,Female,Straight,Athletic
13122,fuchsia,Dress,Pattern,Winter,Unisex,Slim,Athletic
21636,silver,Casual,Pattern,Summer,Unisex,Slim,Denim
7952,silver,Casual,Pattern,Summer,Female,Slim,Denim
34331,gray,Dress,Pattern,Winter,Female,Slim,Cotton
40792,teal,Dress,Solid,Summer,Unisex,Loose,Courduroy
7203,fuchsia,Casual,Solid,Summer,Male,Straight,Silk
7084,lime,Athletic,Pattern,Summer,Female,Loose,Athletic
23760,white,Athletic,Solid,Summer,Male,Straight,Athletic
13875,teal,Dress,Solid,Fall,Unisex,Slim,Athletic
13642,fuchsia,Casual,Graphic,Winter,Male,Loose,Cotton
39769,aqua,Dress,Pattern,Fall,Male,Straight,Courduroy
35399,fuchsia,Dress,Pattern,Fall,Male,Slim,Denim
47718,black,Dress,Pattern,Summer,Unisex,Slim,Courduroy
48529,aqua,Athletic,Graphic,Fall,Female,Straight,Cotton
11166,purple,Athletic,Graphic,Fall,Male,Straight,Courduroy
49667,aqua,Athletic,Solid,Summer,Female,Straight,Courduroy
25789,teal,Athletic,Pattern,Spring,Female,Straight,Courduroy
31091,lime,Dress,Graphic,Fall,Unisex,Loose,Silk
27290,olive,Casual,Pattern,Winter,Female,Straight,Denim
16521,maroon,Athletic,Pattern,Spring,Unisex,Straight,Courduroy
36228,lime,Casual,Pattern,Summer,Female,Straight,Silk
23635,maroon,Dress,Solid,Winter,Male,Slim,Silk
5859,navy,Casual,Graphic,Winter,Female,Slim,Silk
38459,maroon,Casual,Graphic,Summer,Male,Loose,Courduroy
13507,navy,Casual,Graphic,Winter,Unisex,Loose,Athletic
27026,blue,Athletic,Solid,Winter,Female,Loose,Cotton
43288,navy,Athletic,Solid,Summer,Female,Straight,Silk
9021,fuchsia,Casual,Graphic,Winter,Male,Slim,Denim
46844,aqua,Dress,Solid,Summer,Male,Straight,Cotton
25365,yellow,Athletic,Solid,Spring,Male,Loose,Courduroy
41451,fuchsia,Athletic,Pattern,Winter,Female,Loose,Denim
15101,navy,Dress,Graphic,Spring,Male,Slim,Athletic
22842,fuchsia,Casual,Graphic,Summer,Female,Straight,Silk
19303,gray,Dress,Pattern,Winter,Unisex,Slim,Denim
34324,lime,Athletic,Graphic,Spring,Male,Straight,Cotton
38645,purple,Dress,Pattern,Summer,Female,Slim,Cotton
8596,teal,Athletic,Solid,Spring,Unisex,Slim,Cotton
23726,maroon,Casual,Graphic,Fall,Unisex,Slim,Athletic
38859,teal,Casual,Pattern,Fall,Unisex,Loose,Athletic
36741,blue,Dress,Graphic,Winter,Male,Straight,Denim
13559,aqua,Dress,Pattern,Fall,Female,Loose,Athletic
40918,white,Dress,Solid,Fall,Male,Slim,Courduroy
7411,lime,Athletic,Solid,Winter,Male,Slim,Athletic
15594,green,Athletic,Graphic,Spring,Unisex,Straight,Courduroy
3054,lime,Dress,Pattern,Winter,Unisex,Straight,Silk
10890,navy,Athletic,Graphic,Winter,Male,Straight,Denim
22141,blue,Dress,Pattern,Winter,Unisex,Straight,Athletic
35490,green,Casual,Graphic,Winter,Female,Straight,Silk
34177,fuchsia,Athletic,Pattern,Summer,Unisex,Loose,Courduroy
31954,black,Dress,Graphic,Fall,Unisex,Loose,Denim
44571,fuchsia,Dress,Graphic,Summer,Female,Slim,Cotton
18311,lime,Dress,Solid,Spring,Female,Slim,Courduroy
43087,teal,Athletic,Graphic,Spring,Female,Straight,Athletic
5716,lime,Athletic,Solid,Spring,Male,Slim,Courduroy
2362,purple,Casual,Solid,Winter,Unisex,Straight,Courduroy
17860,white,Casual,Pattern,Winter,Male,Slim,Athletic
25508,black,Dress,Pattern,Spring,Unisex,Straight,Athletic
28494,black,Casual,Solid,Fall,Male,Slim,Silk
6867,blue,Casual,Solid,Summer,Female,Slim,Courduroy
25498,aqua,Dress,Pattern,Spring,Female,Slim,Cotton
2564,yellow,Casual,Pattern,Spring,Male,Straight,Denim
15134,black,Athletic,Solid,Summer,Unisex,Straight,Silk
25823,lime,Athletic,Solid,Winter,Male,Loose,Denim
16548,purple,Casual,Solid,Winter,Male,Slim,Athletic
37323,purple,Casual,Graphic,Summer,Unisex,Loose,Athletic
34809,purple,Dress,Graphic,Fall,Female,Loose,Athletic
44132,blue,Dress,Graphic,Fall,Female,Loose,Athletic
43617,blue,Dress,Pattern,Summer,Female,Slim,Silk
20244,yellow,Casual,Solid,Fall,Female,Loose,Courduroy
47384,maroon,Casual,Graphic,Fall,Male,Straight,Cotton
8055,blue,Casual,Pattern,Spring,Male,Straight,Denim
34129,blue,Dress,Pattern,Fall,Female,Slim,Courduroy
18049,green,Dress,Solid,Spring,Female,Straight,Courduroy
16788,gray,Athletic,Pattern,Fall,Female,Slim,Denim
43807,olive,Dress,Pattern,Fall,Unisex,Straight,Athletic
8148,olive,Casual,Graphic,Summer,Female,Slim,Athletic
13891,blue,Athletic,Graphic,Spring,Male,Slim,Denim
42856,purple,Dress,Pattern,Winter,Male,Loose,Athletic
18573,olive,Casual,Pattern,Spring,Unisex,Straight,Denim
28772,lime,Dress,Pattern,Fall,Female,Loose,Athletic
24624,aqua,Dress,Solid,Winter,Unisex,Straight,Silk
28995,fuchsia,Dress,Pattern,Summer,Male,Loose,Silk
47137,white,Dress,Graphic,Summer,Male,Straight,Cotton
49629,maroon,Dress,Solid,Fall,Female,Slim,Silk
1671,olive,Casual,Solid,Fall,Female,Straight,Denim
38281,blue,Dress,Pattern,Fall,Male,Slim,Courduroy
26518,maroon,Athletic,Pattern,Spring,Male,Loose,Courduroy
21242,teal,Athletic,Pattern,Winter,Male,Slim,Athletic
33271,yellow,Dress,Graphic,Winter,Male,Loose,Cotton
14551,lime,Casual,Pattern,Spring,Female,Straight,Silk
16332,navy,Casual,Solid,Winter,Unisex,Loose,Cotton
43902,black,Dress,Pattern,Winter,Female,Loose,Athletic
14766,maroon,Dress,Solid,Spring,Female,Straight,Athletic
19657,white,Casual,Solid,Winter,Male,Straight,Denim
27548,gray,Athletic,Solid,Spring,Male,Slim,Denim
40786,navy,Athletic,Graphic,Spring,Female,Straight,Cotton
43745,maroon,Casual,Solid,Winter,Male,Loose,Courduroy
9922,silver,Dress,Solid,Fall,Unisex,Slim,Silk
49074,aqua,Athletic,Graphic,Winter,Unisex,Straight,Denim
30314,green,Casual,Pattern,Fall,Female,Loose,Athletic
43476,maroon,Athletic,Graphic,Fall,Female,Slim,Athletic
32730,olive,Casual,Graphic,Spring,Male,Slim,Denim
34028,lime,Dress,Solid,Spring,Unisex,Slim,Athletic
1708,maroon,Casual,Solid,Spring,Unisex,Straight,Cotton
5392,lime,Athletic,Pattern,Winter,Female,Slim,Cotton
5845,lime,Athletic,Graphic,Winter,Male,Straight,Silk
20790,purple,Dress,Graphic,Summer,Male,Straight,Denim
28072,purple,Dress,Pattern,Summer,Unisex,Slim,Cotton
43414,fuchsia,Athletic,Graphic,Fall,Female,Straight,Courduroy
28296,maroon,Athletic,Solid,Fall,Unisex,Straight,Silk
34908,aqua,Dress,Solid,Winter,Male,Straight,Cotton
46920,aqua,Casual,Graphic,Summer,Male,Straight,Denim
8712,maroon,Dress,Solid,Summer,Unisex,Slim,Courduroy
39986,fuchsia,Casual,Solid,Fall,Female,Slim,Cotton
26077,olive,Dress,Pattern,Winter,Male,Straight,Silk
33221,white,Dress,Solid,Fall,Male,Loose,Denim
7429,maroon,Athletic,Graphic,Winter,Unisex,Slim,Denim
37532,purple,Athletic,Solid,Summer,Unisex,Straight,Silk
12188,gray,Dress,Solid,Winter,Male,Loose,Athletic
8878,purple,Athletic,Pattern,Fall,Unisex,Loose,Cotton
10076,black,Athletic,Pattern,Fall,Male,Loose,Courduroy
29521,black,Casual,Graphic,Summer,Unisex,Slim,Silk
40845,teal,Dress,Pattern,Spring,Female,Loose,Cotton
6550,yellow,Athletic,Graphic,Fall,Male,Slim,Athletic
10582,olive,Athletic,Pattern,Summer,Unisex,Slim,Denim
43698,green,Dress,Solid,Fall,Female,Slim,Silk
7039,gray,Casual,Solid,Winter,Unisex,Loose,Athletic
31841,lime,Dress,Solid,Winter,Unisex,Loose,Cotton
42929,black,Dress,Graphic,Fall,Male,Loose,Courduroy
14368,navy,Dress,Graphic,Summer,Male,Slim,Silk
29842,black,Casual,Pattern,Winter,Female,Straight,Silk
4051,yellow,Athletic,Pattern,Spring,Unisex,Straight,Silk
1141,purple,Athletic,Solid,Fall,Unisex,Loose,Silk
20584,maroon,Dress,Pattern,Winter,Unisex,Loose,Silk
16090,purple,Dress,Pattern,Spring,Female,Loose,Cotton
45838,fuchsia,Athletic,Graphic,Fall,Female,Straight,Denim
4174,navy,Casual,Solid,Spring,Female,Straight,Courduroy
37074,yellow,Athletic,Graphic,Summer,Female,Slim,Cotton
37807,green,Casual,Solid,Summer,Unisex,Straight,Athletic
2747,white,Casual,Graphic,Summer,Female,Slim,Denim
49133,fuchsia,Dress,Solid,Spring,Female,Straight,Silk
7661,white,Casual,Pattern,Fall,Male,Straight,Silk
27219,white,Dress,Graphic,Summer,Male,Slim,Cotton
3386,lime,Casual,Solid,Spring,Male,Straight,Silk
13060,fuchsia,Dress,Graphic,Summer,Female,Loose,Silk
8406,maroon,Athletic,Graphic,Fall,Male,Slim,Athletic
2706,gray,Athletic,Graphic,Summer,Male,Straight,Cotton
12953,white,Athletic,Graphic,Summer,Female,Slim,Cotton
3107,lime,Dress,Solid,Winter,Male,Straight,Silk
42004,maroon,Casual,Solid,Spring,Female,Straight,Cotton
24902,gray,Athletic,Pattern,Spring,Female,Slim,Athletic
42291,gray,Athletic,Pattern,Spring,Male,Slim,Courduroy
1410,olive,Dress,Pattern,Winter,Male,Loose,Courduroy
1961,navy,Casual,Graphic,Spring,Unisex,Loose,Silk
11981,fuchsia,Dress,Graphic,Winter,Male,Straight,Cotton
28723,olive,Dress,Graphic,Spring,Female,Slim,Silk
23301,blue,Athletic,Graphic,Winter,Male,Straight,Athletic
36152,black,Athletic,Solid,Spring,Male,Straight,Cotton
38250,yellow,Dress,Solid,Summer,Male,Loose,Cotton
41955,lime,Athletic,Pattern,Winter,Unisex,Straight,Cotton
13582,blue,Dress,Solid,Winter,Unisex,Loose,Silk
47627,gray,Athletic,Pattern,Spring,Male,Loose,Silk
16930,silver,Athletic,Graphic,Winter,Male,Loose,Athletic
38382,navy,Dress,Solid,Summer,Unisex,Loose,Silk
5282,purple,Casual,Graphic,Fall,Unisex,Slim,Athletic
18797,maroon,Dress,Solid,Winter,Unisex,Slim,Athletic
22401,teal,Athletic,Solid,Spring,Female,Slim,Cotton
24111,yellow,Dress,Solid,Winter,Male,Straight,Athletic
12824,aqua,Casual,Graphic,Fall,Female,Straight,Denim
6110,gray,Casual,Pattern,Winter,Female,Slim,Courduroy
33305,fuchsia,Athletic,Solid,Spring,Unisex,Straight,Silk
47722,yellow,Dress,Graphic,Summer,Unisex,Straight,Silk
10372,maroon,Athletic,Graphic,Fall,Unisex,Loose,Denim
16805,navy,Athletic,Solid,Winter,Unisex,Straight,Silk
11251,silver,Casual,Pattern,Summer,Female,Loose,Athletic
45007,navy,Casual,Pattern,Summer,Female,Loose,Athletic
19490,yellow,Casual,Solid,Summer,Unisex,Loose,Denim
22758,lime,Athletic,Pattern,Winter,Male,Slim,Cotton
40152,gray,Athletic,Graphic,Fall,Unisex,Loose,Athletic
42469,white,Dress,Pattern,Spring,Unisex,Slim,Denim
16302,black,Dress,Pattern,Summer,Unisex,Slim,Athletic
16583,lime,Dress,Pattern,Summer,Female,Slim,Cotton
8382,blue,Casual,Graphic,Summer,Female,Loose,Denim
38673,lime,Athletic,Graphic,Spring,Unisex,Slim,Denim
24383,white,Dress,Solid,Summer,Unisex,Straight,Cotton
18421,yellow,Casual,Graphic,Winter,Unisex,Loose,Courduroy
6657,aqua,Casual,Pattern,Spring,Unisex,Slim,Cotton
32203,white,Athletic,Graphic,Fall,Unisex,Loose,Silk
37289,yellow,Athletic,Solid,Fall,Male,Slim,Silk
28151,green,Athletic,Graphic,Fall,Unisex,Slim,Cotton
34201,aqua,Casual,Pattern,Summer,Female,Straight,Denim
32867,yellow,Dress,Graphic,Spring,Male,Loose,Courduroy
20037,gray,Dress,Pattern,Spring,Female,Slim,Athletic
24103,white,Casual,Graphic,Summer,Female,Straight,Athletic
43113,green,Dress,Solid,Spring,Unisex,Loose,Denim
28180,aqua,Athletic,Solid,Winter,Female,Loose,Silk
20272,gray,Casual,Graphic,Summer,Unisex,Slim,Cotton
34817,aqua,Athletic,Graphic,Spring,Male,Straight,Silk
29208,green,Dress,Graphic,Fall,Male,Slim,Silk
46026,aqua,Dress,Graphic,Winter,Unisex,Slim,Cotton
11563,gray,Dress,Pattern,Winter,Female,Loose,Courduroy
39702,black,Dress,Graphic,Spring,Female,Loose,Denim
47544,gray,Casual,Pattern,Fall,Male,Loose,Silk
3267,aqua,Athletic,Pattern,Fall,Unisex,Slim,Cotton
9208,white,Athletic,Pattern,Fall,Female,Straight,Courduroy
40612,navy,Athletic,Solid,Fall,Unisex,Loose,Silk
28286,fuchsia,Dress,Graphic,Spring,Female,Loose,Cotton
19459,purple,Athletic,Pattern,Spring,Unisex,Loose,Courduroy
6296,maroon,Casual,Graphic,Summer,Unisex,Slim,Courduroy
4434,white,Dress,Pattern,Winter,Male,Straight,Denim
6949,silver,Casual,Graphic,Spring,Female,Slim,Denim
22834,maroon,Dress,Graphic,Fall,Male,Slim,Athletic
34840,silver,Dress,Solid,Winter,Unisex,Loose,Denim
1183,lime,Casual,Graphic,Fall,Female,Straight,Athletic
36174,purple,Casual,Solid,Spring,Female,Straight,Silk
12056,green,Athletic,Pattern,Winter,Female,Straight,Courduroy
38066,aqua,Athletic,Graphic,Spring,Unisex,Loose,Courduroy
3480,purple,Dress,Pattern,Spring,Female,Straight,Courduroy
25281,gray,Casual,Graphic,Fall,Unisex,Straight,Athletic
47543,purple,Dress,Graphic,Summer,Female,Slim,Courduroy
38819,lime,Casual,Pattern,Spring,Unisex,Loose,Silk
27606,teal,Athletic,Solid,Spring,Female,Slim,Denim
12180,olive,Dress,Solid,Spring,Male,Slim,Denim
28956,maroon,Dress,Pattern,Summer,Unisex,Slim,Denim
39659,maroon,Dress,Graphic,Spring,Female,Straight,Courduroy
15803,black,Athletic,Solid,Winter,Male,Loose,Athletic
9966,gray,Dress,Solid,Winter,Male,Slim,Courduroy
17052,green,Dress,Graphic,Winter,Unisex,Loose,Athletic
17123,olive,Athletic,Solid,Fall,Male,Straight,Courduroy
6215,navy,Dress,Graphic,Spring,Female,Slim,Athletic
14361,yellow,Casual,Solid,Summer,Female,Straight,Cotton
5124,olive,Casual,Solid,Winter,Female,Straight,Denim
48961,aqua,Athletic,Solid,Summer,Male,Loose,Athletic
9088,yellow,Dress,Graphic,Spring,Male,Straight,Cotton
40366,aqua,Dress,Solid,Fall,Female,Straight,Courduroy
47955,lime,Dress,Pattern,Summer,Unisex,Slim,Denim
17344,blue,Casual,Solid,Winter,Female,Slim,Denim
19259,maroon,Dress,Graphic,Summer,Unisex,Slim,Cotton
18900,yellow,Casual,Graphic,Fall,Male,Loose,Athletic
19840,lime,Dress,Pattern,Winter,Female,Straight,Cotton
32816,lime,Dress,Graphic,Winter,Male,Loose,Athletic
8085,purple,Dress,Graphic,Winter,Unisex,Loose,Cotton
35497,yellow,Dress,Solid,Summer,Unisex,Slim,Cotton
32914,white,Casual,Solid,Winter,Unisex,Loose,Cotton
30699,teal,Dress,Graphic,Spring,Female,Slim,Cotton
17211,green,Athletic,Solid,Summer,Male,Straight,Silk
12647,navy,Casual,Graphic,Winter,Unisex,Slim,Athletic
30117,gray,Dress,Solid,Winter,Female,Straight,Silk
43615,teal,Dress,Pattern,Fall,Male,Loose,Courduroy
9074,fuchsia,Dress,Pattern,Spring,Unisex,Straight,Athletic
2372,white,Casual,Pattern,Spring,Male,Slim,Cotton
43124,white,Casual,Pattern,Spring,Unisex,Slim,Courduroy
13956,lime,Casual,Pattern,Spring,Male,Loose,Denim
30857,gray,Dress,Solid,Winter,Male,Straight,Cotton
31693,navy,Dress,Solid,Winter,Male,Loose,Denim
13110,white,Casual,Solid,Winter,Unisex,Loose,Athletic
45630,yellow,Athletic,Solid,Spring,Female,Straight,Courduroy
28749,silver,Dress,Pattern,Winter,Male,Loose,Silk
27356,navy,Casual,Graphic,Spring,Male,Loose,Denim
48357,navy,Casual,Graphic,Summer,Female,Loose,Cotton
26083,green,Casual,Graphic,Summer,Unisex,Slim,Silk
19737,purple,Casual,Pattern,Winter,Female,Straight,Denim
2661,olive,Athletic,Solid,Fall,Unisex,Slim,Cotton
13921,maroon,Dress,Pattern,Winter,Female,Straight,Denim
38450,silver,Casual,Pattern,Spring,Female,Straight,Silk
12115,black,Casual,Graphic,Winter,Unisex,Straight,Courduroy
26416,gray,Dress,Solid,Fall,Unisex,Straight,Silk
25329,gray,Casual,Pattern,Spring,Female,Straight,Courduroy
38016,lime,Athletic,Pattern,Fall,Unisex,Slim,Silk
41680,silver,Dress,Graphic,Fall,Male,Loose,Athletic
23385,fuchsia,Athletic,Pattern,Fall,Female,Loose,Denim
26326,olive,Athletic,Pattern,Winter,Unisex,Straight,Silk
41730,silver,Dress,Graphic,Summer,Unisex,Slim,Silk
1835,yellow,Casual,Pattern,Winter,Female,Loose,Athletic
10475,lime,Dress,Pattern,Summer,Female,Straight,Athletic
38239,gray,Casual,Pattern,Fall,Female,Straight,Athletic
42653,blue,Casual,Graphic,Spring,Male,Straight,Cotton
20348,white,Athletic,Graphic,Summer,Male,Straight,Cotton
45773,blue,Dress,Graphic,Spring,Male,Straight,Courduroy
30720,olive,Dress,Graphic,Fall,Unisex,Straight,Athletic
10954,olive,Athletic,Graphic,Spring,Female,Straight,Courduroy
26489,navy,Dress,Pattern,Fall,Female,Slim,Silk
33414,blue,Casual,Pattern,Spring,Unisex,Straight,Cotton
6933,fuchsia,Athletic,Solid,Fall,Unisex,Loose,Denim
19938,green,Dress,Solid,Spring,Unisex,Straight,Silk
5681,black,Athletic,Graphic,Spring,Unisex,Slim,Cotton
31578,purple,Dress,Solid,Winter,Male,Slim,Courduroy
34049,navy,Dress,Solid,Fall,Female,Slim,Denim
7595,navy,Dress,Pattern,Summer,Male,Loose,Cotton
7578,navy,Athletic,Graphic,Winter,Male,Slim,Denim
26478,navy,Dress,Solid,Spring,Unisex,Loose,Courduroy
28128,teal,Dress,Graphic,Spring,Male,Straight,Athletic
19130,fuchsia,Athletic,Solid,Summer,Male,Straight,Cotton
10655,silver,Athletic,Solid,Spring,Female,Straight,Courduroy
20748,green,Casual,Graphic,Winter,Female,Loose,Athletic
12942,white,Athletic,Pattern,Spring,Female,Straight,Silk
5742,teal,Athletic,Graphic,Winter,Male,Loose,Denim
30807,aqua,Dress,Solid,Spring,Female,Straight,Silk
25065,blue,Casual,Graphic,Fall,Female,Loose,Athletic
4947,yellow,Athletic,Pattern,Fall,Male,Slim,Denim
45983,aqua,Athletic,Pattern,Summer,Male,Slim,Athletic
4841,black,Athletic,Graphic,Winter,Female,Straight,Denim
25125,green,Casual,Solid,Spring,Male,Loose,Cotton
5963,yellow,Athletic,Pattern,Summer,Female,Loose,Athletic
7822,maroon,Athletic,Pattern,Fall,Female,Slim,Courduroy
10703,blue,Dress,Pattern,Fall,Male,Loose,Courduroy
29232,green,Dress,Pattern,Spring,Unisex,Straight,Cotton
22332,teal,Casual,Graphic,Summer,Male,Slim,Courduroy
38631,navy,Athletic,Pattern,Winter,Male,Straight,Denim
14093,silver,Dress,Solid,Fall,Unisex,Loose,Cotton
3056,black,Athletic,Graphic,Fall,Female,Loose,Denim
4600,white,Dress,Pattern,Summer,Unisex,Loose,Courduroy
45410,lime,Dress,Pattern,Spring,Male,Straight,Silk
13898,fuchsia,Dress,Solid,Fall,Unisex,Slim,Silk
17017,silver,Dress,Graphic,Spring,Unisex,Slim,Courduroy
46399,green,Casual,Pattern,Winter,Unisex,Slim,Athletic
47735,navy,Athletic,Solid,Winter,Unisex,Straight,Silk
18717,yellow,Casual,Solid,Spring,Unisex,Slim,Courduroy
18673,olive,Casual,Solid,Summer,Male,Loose,Cotton
40997,silver,Casual,Pattern,Fall,Unisex,Straight,Athletic
16818,gray,Dress,Pattern,Winter,Unisex,Slim,Cotton
24554,lime,Athletic,Pattern,Spring,Unisex,Slim,Denim
7027,silver,Casual,Solid,Summer,Unisex,Loose,Silk
12463,fuchsia,Casual,Pattern,Fall,Unisex,Straight,Denim
25351,gray,Athletic,Solid,Winter,Male,Loose,Athletic
40290,aqua,Athletic,Solid,Spring,Unisex,Slim,Silk
19505,lime,Dress,Graphic,Summer,Female,Slim,Courduroy
24044,gray,Dress,Solid,Fall,Female,Straight,Courduroy
49586,lime,Athletic,Pattern,Winter,Female,Slim,Athletic
17023,green,Athletic,Pattern,Fall,Female,Slim,Silk
37245,teal,Casual,Solid,Winter,Male,Slim,Denim
40028,silver,Dress,Graphic,Winter,Unisex,Slim,Denim
20657,blue,Dress,Pattern,Summer,Female,Straight,Athletic
14793,aqua,Athletic,Pattern,Fall,Female,Straight,Courduroy
34595,white,Dress,Graphic,Fall,Male,Slim,Denim
33736,olive,Casual,Graphic,Winter,Unisex,Straight,Silk
38952,yellow,Dress,Solid,Fall,Unisex,Loose,Cotton
2170,white,Athletic,Pattern,Fall,Unisex,Loose,Athletic
6045,navy,Athletic,Pattern,Spring,Unisex,Straight,Silk
24182,white,Casual,Graphic,Fall,Unisex,Loose,Denim
36971,white,Dress,Graphic,Spring,Unisex,Loose,Athletic
14968,olive,Casual,Graphic,Winter,Female,Slim,Denim
45935,yellow,Dress,Graphic,Winter,Female,Loose,Silk
20380,yellow,Casual,Graphic,Spring,Female,Slim,Denim
49639,white,Casual,Pattern,Summer,Female,Slim,Athletic
47801,maroon,Dress,Pattern,Summer,Male,Straight,Silk
13724,green,Dress,Pattern,Winter,Female,Straight,Silk
49532,fuchsia,Dress,Graphic,Summer,Male,Straight,Cotton
3122,lime,Dress,Pattern,Spring,Unisex,Slim,Cotton
16814,olive,Dress,Solid,Winter,Female,Loose,Courduroy
17198,gray,Casual,Pattern,Winter,Female,Straight,Denim
31020,white,Casual,Solid,Summer,Male,Straight,Silk
28945,yellow,Athletic,Graphic,Winter,Unisex,Straight,Silk
12837,olive,Athletic,Solid,Summer,Unisex,Loose,Denim
15880,green,Dress,Solid,Winter,Female,Straight,Cotton
7338,white,Athletic,Graphic,Winter,Male,Loose,Cotton
13996,fuchsia,Dress,Graphic,Fall,Male,Slim,Athletic
17457,black,Dress,Pattern,Winter,Unisex,Loose,Denim
19258,purple,Athletic,Graphic,Fall,Female,Straight,Courduroy
14819,blue,Dress,Solid,Summer,Female,Loose,Denim
45990,fuchsia,Athletic,Solid,Fall,Female,Straight,Courduroy
13321,white,Dress,Solid,Spring,Unisex,Straight,Courduroy
49495,teal,Dress,Pattern,Winter,Male,Straight,Silk
27614,white,Athletic,Graphic,Spring,Male,Slim,Silk
1442,fuchsia,Dress,Graphic,Summer,Unisex,Loose,Denim
3942,white,Dress,Graphic,Summer,Female,Slim,Courduroy
40313,gray,Casual,Graphic,Spring,Female,Loose,Denim
17554,white,Dress,Pattern,Fall,Male,Loose,Denim
7466,gray,Athletic,Pattern,Spring,Female,Loose,Athletic
33439,maroon,Dress,Pattern,Summer,Unisex,Straight,Courduroy
2983,blue,Casual,Solid,Winter,Unisex,Straight,Denim
5228,maroon,Dress,Pattern,Fall,Female,Slim,Silk
13271,green,Dress,Pattern,Winter,Unisex,Slim,Athletic
5157,gray,Dress,Solid,Winter,Unisex,Straight,Cotton
26893,aqua,Dress,Graphic,Summer,Female,Straight,Silk
43718,blue,Athletic,Solid,Spring,Unisex,Slim,Silk
15351,navy,Dress,Graphic,Winter,Unisex,Loose,Silk
47663,purple,Athletic,Graphic,Winter,Female,Straight,Cotton
27803,black,Athletic,Pattern,Spring,Female,Straight,Denim
36137,yellow,Dress,Solid,Winter,Unisex,Straight,Cotton
48531,white,Dress,Graphic,Fall,Male,Loose,Cotton
17193,green,Dress,Solid,Winter,Unisex,Straight,Courduroy
43841,green,Dress,Solid,Fall,Female,Slim,Courduroy
44246,fuchsia,Dress,Solid,Summer,Female,Slim,Cotton
18819,white,Dress,Graphic,Summer,Female,Straight,Silk
35223,purple,Dress,Graphic,Fall,Male,Slim,Silk
36194,white,Athletic,Pattern,Summer,Unisex,Straight,Cotton
1168,teal,Athletic,Graphic,Winter,Unisex,Straight,Courduroy
44318,silver,Athletic,Solid,Spring,Male,Loose,Athletic
5298,olive,Athletic,Solid,Summer,Male,Loose,Denim
7419,green,Athletic,Pattern,Summer,Unisex,Loose,Courduroy
16570,green,Athletic,Pattern,Fall,Female,Slim,Cotton
22404,olive,Dress,Pattern,Winter,Unisex,Slim,Cotton
1440,black,Athletic,Graphic,Winter,Unisex,Loose,Denim
49387,maroon,Dress,Pattern,Fall,Female,Loose,Denim
10280,teal,Casual,Pattern,Spring,Male,Slim,Silk
21886,purple,Dress,Pattern,Summer,Unisex,Straight,Athletic
44353,navy,Athletic,Pattern,Winter,Unisex,Loose,Silk
47790,white,Dress,Graphic,Winter,Unisex,Slim,Denim
30038,maroon,Athletic,Pattern,Fall,Male,Slim,Silk
15998,yellow,Dress,Graphic,Fall,Male,Straight,Silk
23910,blue,Athletic,Graphic,Spring,Unisex,Loose,Cotton
2563,blue,Casual,Pattern,Summer,Female,Straight,Courduroy
2108,gray,Dress,Solid,Winter,Male,Straight,Courduroy
40771,black,Dress,Pattern,Spring,Female,Straight,Athletic
22472,aqua,Dress,Pattern,Summer,Female,Straight,Cotton
10687,yellow,Dress,Pattern,Spring,Male,Slim,Courduroy
23663,green,Dress,Pattern,Winter,Female,Loose,Courduroy
41152,olive,Athletic,Solid,Fall,Unisex,Straight,Athletic
29556,silver,Athletic,Solid,Summer,Unisex,Slim,Silk
28452,black,Dress,Pattern,Fall,Unisex,Straight,Courduroy
27671,olive,Athletic,Graphic,Winter,Male,Loose,Silk
49680,teal,Athletic,Graphic,Summer,Female,Straight,Silk
6990,gray,Dress,Solid,Fall,Male,Loose,Cotton
16634,white,Casual,Graphic,Summer,Female,Slim,Courduroy
21578,black,Casual,Graphic,Summer,Female,Straight,Denim
25055,white,Athletic,Pattern,Fall,Female,Straight,Courduroy
38157,black,Dress,Graphic,Spring,Unisex,Slim,Cotton
35621,aqua,Casual,Solid,Fall,Male,Loose,Silk
46471,green,Casual,Pattern,Winter,Male,Slim,Silk
43543,aqua,Dress,Solid,Spring,Unisex,Straight,Courduroy
12710,fuchsia,Dress,Solid,Winter,Unisex,Straight,Silk
5444,fuchsia,Athletic,Pattern,Winter,Unisex,Slim,Cotton
16854,olive,Casual,Graphic,Fall,Female,Loose,Athletic
36065,white,Athletic,Solid,Fall,Male,Straight,Denim
38997,teal,Casual,Pattern,Fall,Unisex,Slim,Athletic
44101,olive,Dress,Solid,Winter,Male,Straight,Denim
7913,silver,Dress,Graphic,Winter,Unisex,Loose,Courduroy
29111,gray,Casual,Pattern,Winter,Unisex,Straight,Athletic
26543,yellow,Dress,Pattern,Spring,Male,Straight,Denim
34437,green,Athletic,Graphic,Spring,Male,Slim,Courduroy
42467,black,Casual,Solid,Summer,Unisex,Straight,Athletic
37772,black,Athletic,Graphic,Winter,Female,Loose,Courduroy
35706,teal,Dress,Graphic,Spring,Male,Loose,Athletic
37132,maroon,Athletic,Solid,Spring,Female,Loose,Silk
35513,blue,Athletic,Graphic,Spring,Unisex,Slim,Silk
43187,olive,Casual,Solid,Winter,Unisex,Loose,Courduroy
37449,teal,Casual,Graphic,Summer,Female,Loose,Cotton
9203,purple,Casual,Solid,Fall,Female,Loose,Silk
31987,black,Dress,Graphic,Summer,Male,Straight,Athletic
3901,silver,Dress,Solid,Fall,Female,Straight,Athletic
26666,green,Casual,Solid,Summer,Male,Straight,Cotton
45714,silver,Athletic,Pattern,Fall,Female,Slim,Cotton
1079,gray,Dress,Graphic,Fall,Male,Slim,Athletic
11324,aqua,Casual,Solid,Winter,Male,Slim,Silk
49710,purple,Athletic,Solid,Spring,Female,Loose,Athletic
35388,fuchsia,Casual,Solid,Summer,Male,Straight,Athletic
7215,green,Dress,Solid,Winter,Female,Loose,Courduroy
18824,purple,Athletic,Solid,Winter,Female,Straight,Denim
1062,lime,Athletic,Solid,Fall,Male,Slim,Courduroy
45964,yellow,Casual,Solid,Fall,Male,Straight,Denim
47852,silver,Dress,Graphic,Winter,Female,Straight,Cotton
15404,aqua,Casual,Pattern,Winter,Male,Straight,Courduroy
33176,white,Athletic,Pattern,Summer,Male,Straight,Athletic
24247,blue,Casual,Pattern,Spring,Female,Slim,Courduroy
44645,lime,Casual,Solid,Winter,Unisex,Loose,Courduroy
37248,purple,Dress,Solid,Summer,Unisex,Slim,Courduroy
11085,maroon,Dress,Solid,Fall,Female,Loose,Athletic
16072,fuchsia,Casual,Graphic,Spring,Unisex,Loose,Denim
39863,green,Casual,Solid,Winter,Female,Loose,Cotton
3479,white,Athletic,Graphic,Spring,Female,Straight,Cotton
13746,fuchsia,Dress,Solid,Summer,Male,Slim,Athletic
18783,black,Dress,Solid,Summer,Unisex,Loose,Athletic
6437,teal,Dress,Graphic,Summer,Unisex,Loose,Courduroy
26081,purple,Athletic,Graphic,Winter,Unisex,Loose,Courduroy
11902,gray,Casual,Solid,Winter,Unisex,Loose,Athletic
4487,lime,Casual,Solid,Summer,Female,Straight,Silk
17728,fuchsia,Casual,Graphic,Fall,Female,Loose,Athletic
21744,black,Casual,Pattern,Summer,Male,Straight,Courduroy
39876,purple,Dress,Graphic,Spring,Female,Loose,Denim
1333,lime,Dress,Solid,Spring,Female,Loose,Silk
18153,silver,Casual,Pattern,Spring,Male,Straight,Athletic
23721,silver,Athletic,Graphic,Winter,Male,Straight,Cotton
8478,blue,Casual,Solid,Winter,Unisex,Straight,Denim
32750,green,Dress,Pattern,Summer,Male,Straight,Athletic
46347,fuchsia,Athletic,Pattern,Summer,Male,Loose,Courduroy
37336,yellow,Athletic,Graphic,Summer,Male,Loose,Courduroy
42024,blue,Dress,Graphic,Spring,Female,Straight,Silk
27355,yellow,Dress,Solid,Fall,Unisex,Slim,Courduroy
24924,blue,Athletic,Solid,Summer,Unisex,Slim,Silk
13014,white,Athletic,Graphic,Winter,Female,Slim,Cotton
44934,olive,Casual,Pattern,Fall,Male,Loose,Athletic
33182,gray,Casual,Pattern,Winter,Unisex,Loose,Cotton
20940,maroon,Athletic,Solid,Summer,Female,Straight,Denim
32664,aqua,Dress,Pattern,Fall,Male,Slim,Cotton
27911,fuchsia,Dress,Solid,Spring,Unisex,Slim,Denim
37392,silver,Dress,Solid,Fall,Female,Straight,Cotton
33836,lime,Casual,Solid,Summer,Male,Straight,Denim
10622,maroon,Casual,Graphic,Spring,Unisex,Loose,Cotton
7077,aqua,Athletic,Graphic,Winter,Male,Slim,Silk
20967,fuchsia,Athletic,Solid,Spring,Male,Slim,Denim
25884,white,Dress,Solid,Fall,Male,Straight,Cotton
38845,yellow,Casual,Solid,Spring,Female,Slim,Athletic
14108,lime,Casual,Pattern,Summer,Unisex,Loose,Cotton
32022,fuchsia,Dress,Solid,Summer,Male,Slim,Courduroy
17721,olive,Casual,Solid,Summer,Female,Straight,Denim
10917,silver,Dress,Solid,Summer,Female,Straight,Silk
19988,aqua,Dress,Solid,Fall,Unisex,Straight,Athletic
2398,gray,Athletic,Pattern,Summer,Male,Straight,Denim
6847,navy,Athletic,Graphic,Winter,Unisex,Loose,Athletic
20605,teal,Dress,Pattern,Summer,Male,Slim,Silk
43639,purple,Dress,Graphic,Winter,Male,Straight,Athletic
19192,black,Dress,Solid,Fall,Unisex,Slim,Athletic
20301,black,Athletic,Graphic,Spring,Male,Loose,Silk
33838,yellow,Dress,Pattern,Summer,Female,Straight,Cotton
44018,blue,Athletic,Graphic,Summer,Male,Loose,Courduroy
48618,white,Casual,Graphic,Spring,Female,Loose,Cotton
3720,maroon,Casual,Solid,Summer,Female,Slim,Silk
21827,silver,Casual,Solid,Winter,Female,Slim,Cotton
45973,fuchsia,Athletic,Graphic,Summer,Unisex,Straight,Athletic
49326,silver,Casual,Solid,Spring,Male,Slim,Courduroy
4426,purple,Casual,Pattern,Winter,Unisex,Straight,Courduroy
37980,yellow,Casual,Pattern,Spring,Unisex,Straight,Courduroy
18058,green,Casual,Graphic,Fall,Female,Slim,Athletic
8118,purple,Dress,Pattern,Summer,Unisex,Slim,Cotton
9062,black,Casual,Solid,Spring,Male,Slim,Silk
16430,green,Casual,Graphic,Spring,Female,Straight,Courduroy
4747,blue,Dress,Pattern,Spring,Unisex,Slim,Courduroy
37364,aqua,Athletic,Graphic,Summer,Female,Slim,Silk
16388,teal,Casual,Pattern,Spring,Female,Straight,Courduroy
14618,gray,Dress,Graphic,Spring,Male,Straight,Silk
6827,gray,Athletic,Solid,Summer,Female,Slim,Cotton
24681,blue,Dress,Solid,Spring,Male,Straight,Denim
27324,white,Dress,Solid,Winter,Male,Loose,Denim
27672,fuchsia,Athletic,Solid,Fall,Female,Loose,Athletic
18575,olive,Athletic,Solid,Spring,Unisex,Straight,Silk
2579,gray,Athletic,Solid,Summer,Unisex,Slim,Silk
46468,yellow,Dress,Solid,Spring,Male,Slim,Silk
30853,purple,Athletic,Graphic,Winter,Male,Slim,Denim
18122,fuchsia,Casual,Pattern,Fall,Male,Straight,Athletic
34996,green,Casual,Graphic,Winter,Female,Straight,Courduroy
42455,fuchsia,Dress,Solid,Summer,Unisex,Slim,Denim
29518,white,Dress,Solid,Spring,Female,Loose,Cotton
13257,maroon,Dress,Pattern,Summer,Unisex,Loose,Athletic
45994,navy,Casual,Solid,Winter,Female,Slim,Denim
33948,blue,Casual,Graphic,Summer,Unisex,Straight,Silk
48642,navy,Casual,Solid,Spring,Female,Loose,Denim
23325,olive,Dress,Pattern,Winter,Female,Slim,Denim
8291,olive,Dress,Solid,Spring,Female,Loose,Courduroy
2485,teal,Casual,Pattern,Spring,Male,Slim,Athletic
17987,navy,Athletic,Graphic,Fall,Female,Slim,Silk
27919,fuchsia,Dress,Graphic,Summer,Unisex,Straight,Athletic
46915,teal,Dress,Pattern,Spring,Unisex,Loose,Cotton
3264,olive,Athletic,Solid,Fall,Female,Straight,Cotton
6436,gray,Casual,Pattern,Spring,Unisex,Straight,Athletic
4816,blue,Athletic,Graphic,Spring,Female,Straight,Courduroy
16600,green,Athletic,Graphic,Spring,Female,Slim,Silk
37586,silver,Athletic,Pattern,Summer,Female,Straight,Cotton
3584,purple,Dress,Graphic,Spring,Female,Loose,Athletic
37717,fuchsia,Dress,Pattern,Summer,Male,Straight,Athletic
48870,maroon,Casual,Pattern,Summer,Unisex,Straight,Athletic
39014,teal,Casual,Pattern,Spring,Male,Straight,Denim
4025,blue,Casual,Solid,Winter,Male,Loose,Courduroy
38563,gray,Athletic,Pattern,Spring,Female,Loose,Denim
8662,maroon,Casual,Solid,Winter,Male,Slim,Silk
38257,olive,Athletic,Pattern,Spring,Female,Loose,Courduroy
2969,gray,Athletic,Graphic,Winter,Female,Loose,Denim
2686,navy,Casual,Pattern,Summer,Unisex,Straight,Athletic
25476,navy,Dress,Pattern,Fall,Male,Slim,Cotton
3841,lime,Casual,Solid,Summer,Male,Loose,Denim
32286,blue,Dress,Pattern,Spring,Unisex,Straight,Silk
29025,navy,Athletic,Pattern,Fall,Male,Slim,Courduroy
1660,fuchsia,Dress,Solid,Summer,Female,Straight,Silk
6822,green,Casual,Graphic,Fall,Female,Loose,Cotton
15064,yellow,Casual,Graphic,Spring,Male,Loose,Silk
8370,white,Dress,Graphic,Winter,Female,Loose,Denim
13941,green,Athletic,Pattern,Fall,Female,Slim,Denim
29813,maroon,Dress,Solid,Winter,Female,Loose,Silk
20993,gray,Casual,Graphic,Summer,Female,Straight,Silk
5291,gray,Athletic,Solid,Spring,Unisex,Slim,Athletic
46144,blue,Dress,Solid,Fall,Unisex,Slim,Denim
20915,lime,Dress,Solid,Summer,Female,Slim,Cotton
39508,lime,Casual,Pattern,Summer,Female,Slim,Courduroy
9608,aqua,Dress,Pattern,Fall,Male,Straight,Cotton
38423,navy,Athletic,Pattern,Fall,Unisex,Loose,Courduroy
38602,purple,Casual,Graphic,Summer,Male,Straight,Silk
46811,blue,Dress,Solid,Winter,Female,Straight,Courduroy
26787,yellow,Dress,Solid,Summer,Male,Slim,Courduroy
13219,black,Dress,Solid,Spring,Female,Slim,Silk
37239,gray,Athletic,Pattern,Spring,Unisex,Loose,Athletic
13690,silver,Casual,Pattern,Summer,Male,Straight,Cotton
27678,yellow,Casual,Graphic,Spring,Male,Straight,Cotton
25174,aqua,Athletic,Pattern,Spring,Male,Straight,Athletic
8488,yellow,Dress,Solid,Spring,Female,Straight,Silk
44024,aqua,Athletic,Graphic,Winter,Female,Loose,Courduroy
29708,lime,Casual,Solid,Fall,Female,Straight,Silk
10485,maroon,Dress,Solid,Summer,Male,Straight,Athletic
47589,gray,Dress,Pattern,Winter,Male,Slim,Courduroy
8534,blue,Dress,Graphic,Spring,Female,Straight,Courduroy
19894,gray,Casual,Solid,Spring,Female,Slim,Silk
19671,navy,Casual,Solid,Fall,Male,Slim,Silk
17045,purple,Dress,Solid,Spring,Unisex,Slim,Cotton
14637,blue,Athletic,Graphic,Spring,Unisex,Slim,Cotton
21261,silver,Casual,Graphic,Winter,Male,Slim,Courduroy
13818,purple,Dress,Pattern,Spring,Female,Straight,Courduroy
24817,gray,Casual,Solid,Spring,Female,Slim,Denim
12292,yellow,Athletic,Pattern,Spring,Male,Slim,Silk
15508,teal,Casual,Pattern,Summer,Female,Slim,Courduroy
42645,white,Athletic,Pattern,Summer,Unisex,Straight,Silk
46472,aqua,Casual,Pattern,Summer,Female,Slim,Silk
33319,aqua,Athletic,Solid,Winter,Female,Loose,Denim
12381,navy,Dress,Pattern,Spring,Unisex,Slim,Silk
46537,yellow,Dress,Pattern,Spring,Unisex,Slim,Denim
15501,blue,Casual,Pattern,Fall,Unisex,Slim,Cotton
7061,green,Casual,Graphic,Fall,Unisex,Straight,Denim
11959,navy,Dress,Graphic,Summer,Male,Loose,Courduroy
9997,silver,Casual,Pattern,Fall,Male,Loose,Cotton
8154,blue,Athletic,Solid,Spring,Female,Slim,Courduroy
27123,yellow,Athletic,Pattern,Summer,Unisex,Loose,Silk
11044,lime,Dress,Pattern,Summer,Unisex,Slim,Denim
12490,navy,Casual,Pattern,Spring,Unisex,Slim,Denim
20253,yellow,Athletic,Pattern,Fall,Male,Slim,Denim
36475,olive,Dress,Pattern,Summer,Unisex,Loose,Silk
31249,maroon,Casual,Pattern,Fall,Unisex,Slim,Courduroy
19864,blue,Athletic,Graphic,Spring,Unisex,Slim,Courduroy
27270,black,Dress,Graphic,Fall,Male,Slim,Cotton
37770,yellow,Casual,Pattern,Winter,Male,Slim,Denim
33259,olive,Athletic,Pattern,Fall,Unisex,Straight,Cotton
36733,gray,Dress,Solid,Summer,Unisex,Slim,Silk
24210,gray,Casual,Graphic,Fall,Male,Loose,Athletic
4869,aqua,Dress,Graphic,Winter,Male,Straight,Courduroy
47573,black,Dress,Pattern,Summer,Unisex,Straight,Silk
8912,black,Athletic,Solid,Fall,Unisex,Straight,Cotton
7058,teal,Casual,Pattern,Fall,Unisex,Straight,Athletic
28188,fuchsia,Casual,Graphic,Spring,Male,Loose,Athletic
25133,black,Dress,Solid,Spring,Unisex,Loose,Cotton
34247,navy,Dress,Graphic,Fall,Female,Straight,Courduroy
37193,olive,Athletic,Graphic,Fall,Male,Slim,Cotton
37180,olive,Athletic,Graphic,Winter,Female,Straight,Cotton
33129,navy,Dress,Pattern,Winter,Female,Slim,Denim
47078,lime,Dress,Solid,Fall,Unisex,Slim,Denim
49670,green,Athletic,Graphic,Spring,Female,Loose,Silk
16283,yellow,Dress,Pattern,Spring,Unisex,Straight,Courduroy
15303,silver,Dress,Graphic,Fall,Female,Slim,Denim
48160,yellow,Dress,Solid,Fall,Unisex,Loose,Denim
3208,gray,Dress,Solid,Fall,Unisex,Slim,Denim
47860,yellow,Athletic,Solid,Summer,Unisex,Straight,Silk
30643,maroon,Casual,Solid,Summer,Male,Slim,Athletic
20735,teal,Athletic,Pattern,Summer,Male,Slim,Denim
11605,black,Dress,Graphic,Summer,Unisex,Loose,Athletic
25104,purple,Casual,Graphic,Spring,Male,Loose,Cotton
39829,silver,Dress,Graphic,Summer,Unisex,Loose,Silk
32536,yellow,Dress,Pattern,Summer,Female,Loose,Courduroy
33497,silver,Casual,Pattern,Spring,Unisex,Straight,Silk
33240,olive,Dress,Solid,Winter,Female,Loose,Cotton
31795,purple,Dress,Graphic,Spring,Female,Loose,Courduroy
13738,teal,Athletic,Pattern,Summer,Unisex,Straight,Denim
12330,fuchsia,Casual,Pattern,Spring,Male,Slim,Silk
49915,maroon,Athletic,Solid,Fall,Unisex,Loose,Silk
14073,blue,Dress,Pattern,Winter,Female,Loose,Athletic
31318,green,Dress,Solid,Spring,Female,Straight,Silk
6061,purple,Athletic,Solid,Spring,Unisex,Slim,Courduroy
15936,navy,Athletic,Solid,Spring,Female,Straight,Athletic
3744,fuchsia,Athletic,Pattern,Summer,Unisex,Loose,Athletic
12614,yellow,Casual,Solid,Winter,Unisex,Straight,Athletic
2435,lime,Dress,Graphic,Spring,Male,Slim,Cotton
38928,purple,Dress,Graphic,Summer,Unisex,Slim,Silk
47536,green,Dress,Solid,Spring,Unisex,Loose,Denim
38915,blue,Casual,Pattern,Summer,Male,Slim,Athletic
34697,purple,Casual,Solid,Spring,Female,Loose,Courduroy
5956,green,Casual,Solid,Spring,Female,Straight,Silk
43190,lime,Dress,Solid,Winter,Unisex,Loose,Athletic
29120,navy,Dress,Pattern,Fall,Female,Loose,Courduroy
2472,silver,Athletic,Pattern,Winter,Male,Slim,Silk
27034,blue,Casual,Pattern,Spring,Male,Loose,Cotton
44214,maroon,Athletic,Pattern,Fall,Unisex,Slim,Silk
41544,teal,Dress,Graphic,Spring,Female,Slim,Silk
48397,teal,Dress,Solid,Summer,Male,Loose,Cotton
14323,aqua,Casual,Graphic,Summer,Female,Slim,Denim
2591,aqua,Athletic,Solid,Fall,Female,Loose,Athletic
26791,aqua,Athletic,Graphic,Fall,Female,Straight,Courduroy
27515,green,Dress,Solid,Winter,Male,Straight,Silk
6231,navy,Casual,Solid,Winter,Male,Loose,Silk
27106,yellow,Athletic,Pattern,Spring,Unisex,Straight,Athletic
11622,white,Athletic,Solid,Fall,Male,Straight,Cotton
1551,white,Casual,Solid,Summer,Male,Slim,Denim
8692,blue,Athletic,Graphic,Summer,Male,Straight,Silk
28648,olive,Casual,Solid,Fall,Female,Slim,Silk
7480,navy,Casual,Pattern,Summer,Unisex,Straight,Silk
36956,fuchsia,Dress,Pattern,Winter,Female,Loose,Denim
21965,navy,Casual,Solid,Winter,Unisex,Slim,Courduroy
44198,olive,Athletic,Solid,Spring,Female,Loose,Athletic
35536,olive,Dress,Graphic,Spring,Female,Straight,Courduroy
14221,yellow,Casual,Graphic,Winter,Male,Loose,Denim
39217,black,Dress,Graphic,Winter,Unisex,Slim,Silk
47302,aqua,Casual,Pattern,Winter,Unisex,Slim,Athletic
2481,purple,Dress,Pattern,Fall,Unisex,Straight,Athletic
39971,aqua,Dress,Graphic,Spring,Unisex,Straight,Denim
49864,blue,Casual,Pattern,Winter,Male,Straight,Denim
2162,white,Dress,Solid,Fall,Male,Slim,Silk
26051,maroon,Athletic,Solid,Summer,Female,Straight,Denim
27170,gray,Dress,Graphic,Spring,Female,Slim,Athletic
32825,maroon,Casual,Graphic,Fall,Female,Straight,Courduroy
2724,purple,Dress,Pattern,Summer,Male,Slim,Silk
48104,white,Athletic,Graphic,Winter,Male,Slim,Courduroy
13553,aqua,Athletic,Graphic,Summer,Unisex,Straight,Denim
12730,maroon,Athletic,Graphic,Spring,Male,Slim,Courduroy
32858,green,Dress,Solid,Winter,Female,Loose,Courduroy
26895,teal,Athletic,Pattern,Summer,Male,Straight,Athletic
26645,fuchsia,Dress,Solid,Summer,Female,Slim,Athletic
30862,lime,Athletic,Solid,Winter,Female,Slim,Cotton
43775,blue,Dress,Graphic,Spring,Female,Straight,Silk
21601,aqua,Dress,Pattern,Fall,Unisex,Straight,Silk
35747,lime,Athletic,Pattern,Winter,Unisex,Loose,Denim
14383,yellow,Athletic,Pattern,Winter,Male,Slim,Cotton
27956,green,Athletic,Graphic,Winter,Male,Slim,Silk
15144,black,Dress,Pattern,Fall,Unisex,Straight,Cotton
12040,white,Casual,Pattern,Spring,Unisex,Slim,Cotton
44696,aqua,Athletic,Pattern,Winter,Unisex,Slim,Cotton
20493,maroon,Athletic,Pattern,Spring,Female,Loose,Silk
2618,fuchsia,Dress,Solid,Winter,Female,Slim,Courduroy
24815,white,Athletic,Solid,Spring,Unisex,Loose,Denim
35118,blue,Casual,Solid,Fall,Female,Straight,Silk
4573,silver,Athletic,Pattern,Fall,Female,Straight,Denim
39708,gray,Athletic,Pattern,Spring,Unisex,Straight,Silk
8392,blue,Dress,Pattern,Spring,Unisex,Slim,Silk
23528,olive,Casual,Solid,Fall,Female,Loose,Silk
32621,green,Athletic,Pattern,Summer,Male,Straight,Cotton
49574,blue,Dress,Graphic,Winter,Female,Loose,Athletic
32365,purple,Casual,Solid,Summer,Unisex,Straight,Cotton
2970,silver,Casual,Pattern,Winter,Female,Straight,Courduroy
40353,aqua,Athletic,Solid,Winter,Female,Slim,Cotton
37077,olive,Casual,Solid,Summer,Unisex,Loose,Athletic
43933,fuchsia,Casual,Solid,Winter,Unisex,Straight,Courduroy
20623,lime,Dress,Graphic,Fall,Unisex,Slim,Silk
46475,green,Dress,Solid,Spring,Male,Slim,Denim
17624,white,Dress,Pattern,Summer,Unisex,Straight,Cotton
35582,black,Athletic,Graphic,Spring,Female,Slim,Silk
23837,yellow,Dress,Pattern,Summer,Unisex,Straight,Cotton
48458,green,Casual,Solid,Spring,Female,Straight,Silk
20384,gray,Casual,Graphic,Fall,Unisex,Straight,Courduroy
24873,purple,Dress,Graphic,Spring,Male,Slim,Courduroy
15003,olive,Athletic,Solid,Summer,Unisex,Slim,Athletic
17004,lime,Athletic,Solid,Winter,Unisex,Slim,Silk
39400,gray,Casual,Pattern,Summer,Unisex,Straight,Courduroy
15566,aqua,Casual,Pattern,Spring,Unisex,Loose,Athletic
10633,purple,Dress,Pattern,Summer,Unisex,Straight,Cotton
13459,blue,Athletic,Graphic,Winter,Unisex,Slim,Silk
37119,aqua,Athletic,Graphic,Spring,Male,Slim,Courduroy
17228,blue,Athletic,Solid,Fall,Male,Straight,Courduroy
11831,purple,Dress,Graphic,Summer,Male,Straight,Silk
33108,teal,Casual,Solid,Summer,Female,Loose,Denim
28368,silver,Athletic,Solid,Fall,Unisex,Straight,Cotton
20283,maroon,Dress,Graphic,Winter,Unisex,Slim,Courduroy
28097,purple,Casual,Pattern,Summer,Female,Slim,Courduroy
19444,silver,Athletic,Solid,Spring,Unisex,Straight,Denim
9567,gray,Dress,Pattern,Fall,Male,Straight,Denim
38910,silver,Casual,Solid,Summer,Female,Straight,Cotton
37148,silver,Athletic,Pattern,Winter,Female,Slim,Athletic
3072,maroon,Dress,Graphic,Fall,Female,Slim,Athletic
9209,lime,Dress,Pattern,Spring,Male,Loose,Cotton
31376,aqua,Athletic,Graphic,Summer,Female,Loose,Athletic
43879,silver,Dress,Solid,Fall,Female,Slim,Denim
39604,lime,Athletic,Solid,Spring,Unisex,Slim,Athletic
25729,green,Casual,Graphic,Spring,Male,Slim,Cotton
45155,green,Athletic,Graphic,Fall,Female,Loose,Silk
38410,silver,Athletic,Solid,Spring,Female,Straight,Denim
23714,lime,Athletic,Pattern,Summer,Unisex,Straight,Athletic
20287,purple,Dress,Solid,Winter,Unisex,Loose,Courduroy
47600,white,Casual,Solid,Spring,Unisex,Loose,Denim
3243,navy,Casual,Pattern,Summer,Female,Straight,Cotton
13500,lime,Casual,Graphic,Fall,Unisex,Slim,Courduroy
46603,gray,Athletic,Solid,Winter,Unisex,Loose,Silk
25389,lime,Casual,Graphic,Fall,Male,Slim,Silk
40489,silver,Athletic,Pattern,Summer,Male,Loose,Cotton
27367,blue,Athletic,Pattern,Summer,Male,Slim,Denim
14785,aqua,Casual,Solid,Fall,Male,Straight,Courduroy
7637,white,Dress,Pattern,Winter,Female,Slim,Silk
47340,purple,Dress,Graphic,Spring,Male,Straight,Courduroy
14058,yellow,Casual,Solid,Spring,Unisex,Straight,Denim
33107,lime,Casual,Graphic,Summer,Male,Loose,Athletic
49949,yellow,Dress,Solid,Spring,Female,Slim,Courduroy
39530,green,Dress,Graphic,Winter,Male,Slim,Athletic
9255,white,Casual,Pattern,Fall,Unisex,Straight,Denim
8665,purple,Casual,Graphic,Fall,Unisex,Straight,Denim
14363,purple,Dress,Solid,Winter,Unisex,Loose,Denim
26154,yellow,Dress,Graphic,Spring,Female,Straight,Athletic
33531,black,Athletic,Graphic,Fall,Female,Slim,Silk
32404,teal,Dress,Graphic,Summer,Male,Slim,Silk
30123,aqua,Casual,Solid,Spring,Female,Slim,Courduroy
20616,aqua,Casual,Pattern,Winter,Unisex,Loose,Athletic
21161,lime,Casual,Solid,Summer,Female,Slim,Silk
29924,blue,Athletic,Graphic,Spring,Unisex,Loose,Courduroy
29251,gray,Athletic,Graphic,Fall,Unisex,Slim,Cotton
5732,yellow,Casual,Solid,Winter,Female,Loose,Courduroy
35931,silver,Dress,Solid,Fall,Male,Loose,Courduroy
49656,fuchsia,Dress,Graphic,Winter,Male,Straight,Cotton
40653,fuchsia,Dress,Pattern,Summer,Male,Straight,Cotton
8123,navy,Casual,Pattern,Summer,Unisex,Loose,Denim
9617,gray,Dress,Pattern,Winter,Female,Loose,Cotton
2702,teal,Dress,Pattern,Winter,Unisex,Straight,Cotton
16704,black,Dress,Pattern,Summer,Unisex,Slim,Denim
17903,fuchsia,Dress,Graphic,Spring,Female,Loose,Athletic
32343,navy,Athletic,Graphic,Winter,Male,Slim,Cotton
35303,green,Casual,Pattern,Winter,Female,Loose,Athletic
48257,silver,Casual,Solid,Summer,Unisex,Straight,Denim
8480,green,Dress,Pattern,Summer,Male,Slim,Cotton
34419,fuchsia,Casual,Solid,Winter,Female,Slim,Silk
36078,silver,Dress,Solid,Spring,Unisex,Loose,Athletic
28705,yellow,Casual,Graphic,Fall,Male,Straight,Denim
35847,blue,Dress,Solid,Winter,Male,Loose,Denim
19580,fuchsia,Athletic,Graphic,Winter,Male,Loose,Silk
6667,maroon,Dress,Solid,Summer,Male,Straight,Silk
32083,teal,Dress,Pattern,Spring,Female,Loose,Denim
9660,silver,Casual,Pattern,Summer,Female,Loose,Denim
30889,maroon,Dress,Pattern,Fall,Male,Straight,Silk
10150,aqua,Dress,Solid,Fall,Male,Slim,Athletic
37127,navy,Athletic,Solid,Spring,Male,Slim,Athletic
1061,gray,Casual,Graphic,Summer,Female,Straight,Denim
36588,green,Athletic,Pattern,Spring,Unisex,Loose,Cotton
11728,fuchsia,Athletic,Solid,Fall,Unisex,Straight,Denim
18691,olive,Dress,Solid,Fall,Female,Slim,Silk
11077,purple,Dress,Pattern,Fall,Female,Straight,Courduroy
29854,navy,Casual,Solid,Spring,Female,Straight,Cotton
12418,olive,Athletic,Graphic,Winter,Male,Straight,Silk
26630,gray,Athletic,Solid,Fall,Unisex,Slim,Athletic
14735,purple,Dress,Pattern,Fall,Female,Loose,Athletic
47980,green,Athletic,Pattern,Fall,Male,Slim,Athletic
4684,white,Athletic,Pattern,Winter,Female,Slim,Denim
25954,teal,Casual,Pattern,Spring,Unisex,Loose,Athletic
32733,silver,Casual,Pattern,Fall,Male,Slim,Cotton
22299,silver,Athletic,Solid,Fall,Male,Loose,Cotton
43903,white,Casual,Solid,Winter,Male,Loose,Athletic
18622,purple,Athletic,Pattern,Summer,Female,Loose,Cotton
48861,yellow,Casual,Graphic,Fall,Female,Straight,Courduroy
32998,teal,Dress,Pattern,Fall,Male,Slim,Denim
34341,blue,Dress,Solid,Fall,Male,Slim,Denim
44177,yellow,Dress,Pattern,Spring,Female,Loose,Silk
4315,maroon,Athletic,Pattern,Fall,Male,Straight,Silk
17912,blue,Athletic,Graphic,Fall,Unisex,Slim,Denim
20041,yellow,Athletic,Solid,Spring,Male,Loose,Cotton
45311,fuchsia,Casual,Solid,Summer,Unisex,Loose,Courduroy
48042,yellow,Athletic,Pattern,Spring,Female,Straight,Cotton
33846,aqua,Dress,Graphic,Winter,Female,Loose,Silk
7606,blue,Athletic,Pattern,Winter,Unisex,Loose,Silk
41985,silver,Casual,Solid,Fall,Male,Slim,Silk
25628,gray,Casual,Graphic,Spring,Male,Slim,Courduroy
21289,purple,Dress,Pattern,Winter,Male,Straight,Denim
49361,black,Athletic,Pattern,Winter,Female,Loose,Athletic
39373,teal,Casual,Solid,Spring,Unisex,Slim,Denim
28508,maroon,Casual,Solid,Spring,Unisex,Straight,Cotton
39941,white,Casual,Graphic,Winter,Unisex,Straight,Cotton
12704,navy,Casual,Pattern,Spring,Female,Straight,Silk
29899,fuchsia,Athletic,Solid,Fall,Male,Slim,Denim
15857,white,Dress,Pattern,Spring,Female,Straight,Silk
44532,green,Athletic,Solid,Fall,Unisex,Slim,Cotton
13765,black,Casual,Solid,Fall,Male,Slim,Courduroy
16918,blue,Casual,Solid,Winter,Male,Slim,Cotton
43759,fuchsia,Dress,Pattern,Summer,Unisex,Slim,Silk
4853,lime,Casual,Graphic,Fall,Female,Straight,Courduroy
8447,white,Dress,Graphic,Fall,Female,Loose,Courduroy
5641,yellow,Athletic,Graphic,Summer,Male,Straight,Silk
15865,fuchsia,Casual,Solid,Winter,Male,Loose,Silk
28746,aqua,Dress,Pattern,Spring,Male,Loose,Courduroy
36513,yellow,Dress,Solid,Winter,Male,Straight,Athletic
41737,green,Dress,Graphic,Winter,Male,Straight,Athletic
20667,lime,Casual,Graphic,Summer,Unisex,Loose,Courduroy
12285,olive,Athletic,Solid,Spring,Unisex,Loose,Silk
26818,navy,Dress,Pattern,Spring,Female,Slim,Silk
41665,navy,Athletic,Graphic,Fall,Unisex,Straight,Denim
4333,lime,Casual,Pattern,Fall,Female,Loose,Silk
1121,olive,Athletic,Graphic,Summer,Female,Slim,Silk
34750,green,Athletic,Pattern,Winter,Unisex,Slim,Courduroy
30761,black,Casual,Graphic,Summer,Female,Straight,Cotton
47207,silver,Casual,Graphic,Fall,Female,Straight,Silk
10797,silver,Dress,Pattern,Summer,Unisex,Slim,Cotton
44511,lime,Dress,Pattern,Spring,Male,Slim,Athletic
14129,navy,Casual,Graphic,Spring,Female,Straight,Denim
46118,green,Athletic,Pattern,Winter,Male,Loose,Athletic
2253,green,Dress,Graphic,Summer,Male,Loose,Denim
49148,green,Casual,Graphic,Fall,Unisex,Straight,Athletic
12542,olive,Athletic,Solid,Spring,Male,Slim,Athletic
48034,yellow,Dress,Pattern,Fall,Male,Straight,Cotton
48080,blue,Casual,Solid,Fall,Male,Loose,Athletic
42591,olive,Dress,Pattern,Spring,Male,Slim,Silk
17572,green,Athletic,Solid,Fall,Unisex,Straight,Athletic
49921,black,Athletic,Graphic,Winter,Unisex,Straight,Courduroy
49944,gray,Dress,Graphic,Summer,Female,Slim,Silk
33190,black,Casual,Graphic,Summer,Female,Slim,Silk
20851,purple,Casual,Graphic,Spring,Female,Loose,Denim
28165,olive,Athletic,Solid,Winter,Male,Straight,Courduroy
45488,navy,Athletic,Pattern,Fall,Female,Slim,Denim
33770,green,Dress,Graphic,Winter,Female,Slim,Denim
37891,maroon,Athletic,Pattern,Spring,Unisex,Slim,Athletic
2498,gray,Casual,Solid,Winter,Male,Straight,Athletic
28239,black,Dress,Pattern,Winter,Female,Slim,Cotton
14299,fuchsia,Dress,Solid,Fall,Male,Slim,Cotton
42486,blue,Casual,Graphic,Spring,Male,Slim,Athletic
12825,teal,Athletic,Solid,Spring,Female,Loose,Courduroy
20720,blue,Athletic,Pattern,Summer,Male,Loose,Courduroy
20100,fuchsia,Dress,Pattern,Fall,Unisex,Loose,Cotton
25091,teal,Dress,Pattern,Fall,Female,Slim,Denim
14673,olive,Athletic,Pattern,Winter,Female,Slim,Silk
22175,yellow,Dress,Graphic,Fall,Female,Straight,Courduroy
8610,purple,Dress,Pattern,Summer,Female,Straight,Cotton
13041,yellow,Casual,Pattern,Summer,Unisex,Straight,Denim
37391,fuchsia,Athletic,Pattern,Summer,Female,Straight,Athletic
1069,olive,Dress,Solid,Fall,Female,Slim,Silk
40625,silver,Athletic,Solid,Spring,Female,Straight,Denim
19050,fuchsia,Dress,Pattern,Winter,Female,Slim,Silk
44188,black,Athletic,Pattern,Winter,Unisex,Loose,Courduroy
25928,teal,Dress,Solid,Spring,Female,Straight,Athletic
1423,maroon,Casual,Solid,Summer,Unisex,Slim,Athletic
6386,silver,Athletic,Graphic,Fall,Male,Slim,Athletic
16890,lime,Athletic,Solid,Winter,Unisex,Loose,Athletic
26544,yellow,Casual,Solid,Winter,Female,Slim,Athletic
15103,white,Casual,Solid,Spring,Female,Straight,Cotton
29919,green,Casual,Pattern,Spring,Male,Straight,Cotton
22606,yellow,Athletic,Graphic,Summer,Female,Slim,Silk
10914,maroon,Casual,Solid,Winter,Male,Slim,Courduroy
42570,lime,Dress,Pattern,Fall,Male,Slim,Denim
32877,black,Casual,Pattern,Summer,Male,Loose,Cotton
7157,teal,Dress,Graphic,Fall,Female,Straight,Courduroy
1332,yellow,Dress,Graphic,Spring,Unisex,Loose,Cotton
22880,green,Dress,Graphic,Fall,Unisex,Loose,Cotton
19590,olive,Dress,Pattern,Winter,Unisex,Slim,Athletic
35686,navy,Casual,Pattern,Spring,Unisex,Slim,Silk
10709,lime,Athletic,Pattern,Winter,Female,Slim,Silk
43491,aqua,Casual,Graphic,Spring,Female,Loose,Denim
17271,yellow,Casual,Graphic,Winter,Female,Slim,Denim
22424,black,Dress,Pattern,Spring,Unisex,Straight,Cotton
44523,maroon,Athletic,Solid,Spring,Female,Straight,Courduroy
28862,teal,Athletic,Graphic,Summer,Male,Loose,Denim
35992,teal,Athletic,Solid,Spring,Unisex,Straight,Cotton
39315,yellow,Athletic,Pattern,Winter,Unisex,Loose,Silk
36627,white,Dress,Graphic,Summer,Female,Straight,Athletic
14653,navy,Athletic,Graphic,Fall,Male,Straight,Denim
5653,maroon,Athletic,Pattern,Summer,Male,Slim,Denim
37491,maroon,Dress,Pattern,Summer,Unisex,Straight,Courduroy
42559,black,Dress,Pattern,Winter,Male,Loose,Silk
14754,maroon,Athletic,Graphic,Summer,Male,Loose,Cotton
25614,purple,Casual,Graphic,Fall,Unisex,Loose,Cotton
22074,yellow,Dress,Pattern,Fall,Female,Straight,Cotton
9303,olive,Dress,Pattern,Winter,Male,Loose,Athletic
14620,fuchsia,Athletic,Graphic,Summer,Female,Loose,Athletic
43548,lime,Athletic,Pattern,Spring,Female,Straight,Athletic
36552,olive,Dress,Pattern,Spring,Unisex,Loose,Denim
16989,teal,Casual,Solid,Fall,Unisex,Slim,Cotton
3487,aqua,Athletic,Pattern,Summer,Female,Straight,Silk
28811,silver,Athletic,Graphic,Spring,Male,Loose,Courduroy
45960,aqua,Dress,Pattern,Summer,Female,Straight,Denim
37408,maroon,Athletic,Pattern,Spring,Unisex,Slim,Athletic
8160,green,Dress,Solid,Winter,Unisex,Slim,Silk
6474,maroon,Casual,Solid,Spring,Unisex,Loose,Courduroy
14892,black,Dress,Graphic,Fall,Male,Loose,Courduroy
35925,white,Casual,Solid,Spring,Female,Loose,Courduroy
42474,aqua,Casual,Pattern,Winter,Male,Loose,Silk
41958,aqua,Dress,Solid,Spring,Male,Straight,Denim
23843,blue,Athletic,Graphic,Summer,Unisex,Straight,Athletic
41082,gray,Dress,Solid,Summer,Male,Straight,Courduroy
43704,maroon,Athletic,Graphic,Summer,Female,Straight,Denim
16397,lime,Dress,Solid,Summer,Male,Loose,Cotton
44418,gray,Casual,Graphic,Spring,Female,Loose,Athletic
22666,teal,Dress,Solid,Winter,Female,Straight,Cotton
48236,white,Dress,Graphic,Winter,Female,Loose,Courduroy
5415,gray,Dress,Solid,Summer,Male,Loose,Courduroy
16162,blue,Casual,Solid,Fall,Male,Slim,Cotton
38209,yellow,Dress,Graphic,Spring,Unisex,Slim,Cotton
47309,green,Dress,Solid,Fall,Male,Loose,Denim
38650,black,Dress,Solid,Winter,Female,Straight,Courduroy
47517,yellow,Dress,Solid,Spring,Male,Straight,Athletic
19100,teal,Athletic,Solid,Fall,Unisex,Loose,Athletic
8457,yellow,Athletic,Graphic,Winter,Male,Slim,Silk
47107,olive,Dress,Pattern,Fall,Male,Straight,Denim
17378,white,Casual,Graphic,Spring,Unisex,Straight,Silk
3772,maroon,Casual,Graphic,Summer,Unisex,Straight,Courduroy
29648,silver,Athletic,Graphic,Summer,Unisex,Loose,Athletic
18098,fuchsia,Casual,Graphic,Fall,Unisex,Straight,Courduroy
41522,teal,Athletic,Solid,Summer,Unisex,Loose,Denim
42625,lime,Dress,Graphic,Summer,Male,Straight,Cotton
7282,maroon,Dress,Solid,Winter,Male,Straight,Denim
5053,green,Casual,Pattern,Spring,Male,Slim,Courduroy
36621,yellow,Athletic,Solid,Winter,Male,Straight,Courduroy
8207,navy,Athletic,Graphic,Fall,Female,Loose,Courduroy
10047,yellow,Casual,Solid,Winter,Male,Slim,Courduroy
24337,olive,Athletic,Graphic,Summer,Male,Loose,Denim
21001,navy,Dress,Pattern,Summer,Male,Slim,Silk
47563,white,Casual,Solid,Fall,Male,Slim,Silk
15632,maroon,Athletic,Graphic,Spring,Unisex,Straight,Silk
35693,aqua,Dress,Graphic,Winter,Female,Slim,Cotton
25935,fuchsia,Athletic,Solid,Winter,Male,Straight,Denim
31218,aqua,Dress,Graphic,Summer,Male,Straight,Courduroy
26008,green,Dress,Pattern,Spring,Female,Straight,Cotton
32968,teal,Dress,Pattern,Winter,Male,Loose,Athletic
20326,purple,Athletic,Graphic,Summer,Female,Loose,Athletic
13810,purple,Dress,Graphic,Spring,Male,Slim,Silk
41777,navy,Athletic,Pattern,Winter,Male,Straight,Denim
40956,olive,Casual,Graphic,Fall,Female,Slim,Athletic
37527,black,Athletic,Pattern,Winter,Male,Loose,Cotton
49677,olive,Casual,Solid,Summer,Male,Straight,Denim
25230,lime,Dress,Pattern,Summer,Unisex,Slim,Silk
42418,purple,Athletic,Solid,Summer,Male,Loose,Silk
2393,silver,Dress,Pattern,Spring,Female,Loose,Silk
46693,purple,Athletic,Solid,Fall,Male,Slim,Athletic
22917,maroon,Dress,Pattern,Spring,Unisex,Straight,Courduroy
40618,gray,Casual,Pattern,Fall,Male,Straight,Athletic
19600,purple,Casual,Solid,Summer,Male,Loose,Cotton
17845,blue,Athletic,Graphic,Fall,Unisex,Loose,Silk
43132,blue,Casual,Graphic,Summer,Unisex,Loose,Courduroy
8792,yellow,Athletic,Graphic,Spring,Female,Loose,Athletic
17726,olive,Casual,Pattern,Fall,Female,Loose,Silk
25713,lime,Athletic,Pattern,Spring,Male,Slim,Cotton
19066,silver,Athletic,Pattern,Spring,Male,Slim,Cotton
3601,gray,Dress,Graphic,Winter,Female,Slim,Denim
7416,yellow,Dress,Solid,Summer,Unisex,Loose,Courduroy
10591,white,Dress,Pattern,Fall,Male,Slim,Denim
28728,silver,Dress,Solid,Spring,Unisex,Loose,Cotton
4358,yellow,Athletic,Solid,Winter,Unisex,Loose,Silk
21553,fuchsia,Dress,Solid,Winter,Male,Straight,Courduroy
34604,silver,Dress,Solid,Winter,Female,Straight,Athletic
14225,olive,Dress,Solid,Summer,Unisex,Loose,Silk
30934,lime,Casual,Pattern,Fall,Female,Straight,Denim
7275,navy,Athletic,Pattern,Summer,Male,Slim,Cotton
29982,green,Casual,Pattern,Spring,Male,Slim,Courduroy
35772,maroon,Casual,Solid,Fall,Unisex,Slim,Courduroy
7776,silver,Dress,Solid,Spring,Male,Slim,Silk
23492,green,Dress,Solid,Fall,Unisex,Straight,Athletic
42432,yellow,Casual,Graphic,Spring,Male,Loose,Silk
31007,teal,Casual,Pattern,Fall,Male,Slim,Denim
16737,silver,Casual,Graphic,Summer,Female,Slim,Denim
39059,white,Casual,Graphic,Spring,Unisex,Loose,Courduroy
7105,green,Casual,Solid,Spring,Female,Loose,Athletic
2843,teal,Dress,Solid,Spring,Male,Slim,Denim
40923,olive,Athletic,Pattern,Summer,Unisex,Slim,Cotton
36364,olive,Athletic,Pattern,Winter,Male,Loose,Athletic
16910,silver,Dress,Pattern,Summer,Male,Straight,Silk
28088,silver,Athletic,Pattern,Summer,Male,Slim,Cotton
35564,green,Casual,Solid,Summer,Male,Straight,Silk
39696,navy,Casual,Graphic,Summer,Male,Loose,Courduroy
21057,silver,Athletic,Pattern,Winter,Male,Loose,Courduroy
1765,aqua,Casual,Pattern,Fall,Female,Loose,Cotton
26558,black,Dress,Graphic,Fall,Male,Loose,Courduroy
28661,maroon,Athletic,Graphic,Winter,Male,Loose,Cotton
45312,gray,Casual,Solid,Winter,Male,Straight,Denim
9669,purple,Casual,Graphic,Winter,Female,Straight,Silk
35872,yellow,Casual,Graphic,Summer,Male,Straight,Courduroy
10935,green,Casual,Pattern,Fall,Unisex,Loose,Cotton
4885,navy,Casual,Solid,Fall,Female,Straight,Athletic
32141,blue,Dress,Pattern,Spring,Male,Slim,Denim
18329,yellow,Dress,Graphic,Spring,Male,Loose,Athletic
7798,blue,Athletic,Graphic,Winter,Unisex,Straight,Denim
33404,lime,Casual,Graphic,Spring,Unisex,Loose,Cotton
43796,black,Athletic,Pattern,Fall,Female,Straight,Silk
20364,purple,Athletic,Graphic,Spring,Unisex,Slim,Denim
28985,olive,Dress,Pattern,Fall,Female,Straight,Courduroy
25693,teal,Casual,Graphic,Spring,Female,Straight,Cotton
4272,purple,Dress,Graphic,Winter,Unisex,Straight,Athletic
16053,yellow,Casual,Pattern,Fall,Female,Straight,Courduroy
6156,white,Casual,Solid,Summer,Unisex,Loose,Cotton
40664,aqua,Dress,Graphic,Spring,Male,Loose,Denim
27680,gray,Casual,Solid,Fall,Unisex,Slim,Denim
21004,gray,Casual,Solid,Fall,Male,Slim,Cotton
22803,white,Dress,Solid,Summer,Male,Loose,Courduroy
1262,teal,Athletic,Pattern,Winter,Male,Slim,Athletic
20713,purple,Casual,Solid,Winter,Unisex,Loose,Silk
26221,gray,Athletic,Solid,Spring,Unisex,Slim,Cotton
19038,white,Dress,Pattern,Spring,Female,Slim,Courduroy
22918,aqua,Athletic,Graphic,Summer,Male,Slim,Athletic
19942,lime,Dress,Graphic,Summer,Male,Slim,Silk
30177,aqua,Casual,Solid,Summer,Female,Loose,Athletic
15240,maroon,Dress,Pattern,Spring,Unisex,Straight,Silk
41509,olive,Dress,Pattern,Winter,Female,Loose,Athletic
12411,silver,Dress,Graphic,Winter,Female,Straight,Cotton
7312,aqua,Athletic,Pattern,Spring,Female,Straight,Athletic
28026,teal,Casual,Pattern,Spring,Male,Loose,Cotton
13198,olive,Athletic,Pattern,Summer,Unisex,Loose,Cotton
13104,aqua,Athletic,Pattern,Spring,Male,Slim,Athletic
47491,black,Casual,Solid,Winter,Female,Slim,Cotton
37671,olive,Casual,Graphic,Summer,Female,Straight,Athletic
47002,purple,Dress,Solid,Spring,Male,Straight,Silk
28251,aqua,Dress,Solid,Summer,Unisex,Straight,Courduroy
11886,navy,Athletic,Graphic,Winter,Unisex,Straight,Courduroy
37177,navy,Athletic,Solid,Fall,Female,Loose,Cotton
7911,blue,Athletic,Pattern,Summer,Unisex,Loose,Athletic
6717,blue,Athletic,Solid,Spring,Unisex,Loose,Silk
25521,gray,Athletic,Pattern,Fall,Male,Loose,Cotton
5346,maroon,Casual,Pattern,Winter,Unisex,Straight,Athletic
31276,navy,Athletic,Pattern,Spring,Unisex,Straight,Athletic
29156,white,Dress,Graphic,Spring,Male,Loose,Cotton
29442,lime,Casual,Solid,Spring,Female,Straight,Denim
28109,aqua,Dress,Graphic,Fall,Female,Loose,Athletic
8830,blue,Athletic,Solid,Summer,Unisex,Slim,Athletic
12141,lime,Athletic,Solid,Summer,Unisex,Straight,Courduroy
17668,yellow,Casual,Pattern,Winter,Unisex,Loose,Silk
46650,green,Athletic,Pattern,Fall,Unisex,Straight,Silk
12893,fuchsia,Athletic,Pattern,Summer,Male,Loose,Athletic
14782,maroon,Dress,Graphic,Spring,Male,Straight,Athletic
8540,purple,Dress,Solid,Spring,Male,Straight,Silk
24803,navy,Athletic,Solid,Spring,Female,Slim,Courduroy
41148,silver,Dress,Pattern,Summer,Male,Loose,Cotton
36660,yellow,Dress,Pattern,Winter,Female,Loose,Silk
7539,olive,Athletic,Pattern,Summer,Female,Straight,Denim
4505,silver,Casual,Solid,Fall,Male,Loose,Denim
31037,teal,Dress,Solid,Winter,Unisex,Loose,Athletic
20078,white,Athletic,Pattern,Fall,Male,Loose,Denim
45173,yellow,Dress,Solid,Summer,Male,Loose,Cotton
15969,silver,Casual,Pattern,Winter,Female,Slim,Cotton
35588,gray,Athletic,Solid,Summer,Female,Loose,Athletic
32326,green,Athletic,Solid,Summer,Male,Loose,Denim
19897,white,Casual,Solid,Fall,Unisex,Loose,Cotton
11578,maroon,Casual,Pattern,Summer,Female,Loose,Courduroy
23816,navy,Dress,Graphic,Spring,Female,Slim,Cotton
27314,purple,Casual,Solid,Summer,Male,Loose,Silk
47759,yellow,Athletic,Pattern,Fall,Unisex,Slim,Denim
15834,black,Dress,Solid,Fall,Male,Straight,Cotton
30864,black,Casual,Graphic,Summer,Male,Straight,Courduroy
14041,teal,Casual,Graphic,Spring,Male,Slim,Denim
18131,purple,Dress,Graphic,Fall,Unisex,Straight,Courduroy
9808,silver,Dress,Graphic,Spring,Male,Straight,Denim
23891,silver,Athletic,Graphic,Summer,Female,Straight,Denim
8966,maroon,Dress,Solid,Winter,Male,Straight,Denim
6713,green,Athletic,Graphic,Winter,Unisex,Straight,Athletic
32735,blue,Dress,Solid,Spring,Unisex,Slim,Denim
7573,white,Dress,Pattern,Spring,Unisex,Straight,Courduroy
33692,gray,Casual,Solid,Spring,Male,Slim,Denim
32085,gray,Casual,Graphic,Summer,Unisex,Slim,Cotton
14055,white,Athletic,Graphic,Spring,Male,Loose,Courduroy
45539,navy,Casual,Graphic,Fall,Female,Loose,Denim
34859,purple,Athletic,Pattern,Fall,Unisex,Loose,Cotton
34033,white,Dress,Graphic,Winter,Unisex,Loose,Silk
3233,green,Dress,Graphic,Winter,Male,Straight,Silk
40808,green,Dress,Graphic,Spring,Male,Loose,Cotton
6858,aqua,Casual,Graphic,Spring,Female,Loose,Athletic
27932,lime,Athletic,Pattern,Fall,Unisex,Loose,Denim
11584,blue,Casual,Solid,Fall,Male,Slim,Silk
25534,lime,Athletic,Graphic,Fall,Unisex,Straight,Silk
11715,green,Athletic,Graphic,Spring,Unisex,Straight,Silk
36020,purple,Athletic,Graphic,Fall,Female,Straight,Courduroy
10913,green,Dress,Pattern,Spring,Male,Straight,Denim
41201,lime,Dress,Graphic,Spring,Female,Loose,Silk
8009,purple,Casual,Pattern,Fall,Unisex,Straight,Cotton
43590,lime,Casual,Solid,Fall,Unisex,Straight,Denim
8438,yellow,Dress,Pattern,Spring,Male,Straight,Silk
2437,black,Dress,Pattern,Summer,Female,Slim,Silk
27983,fuchsia,Athletic,Pattern,Spring,Male,Loose,Cotton
49615,silver,Dress,Graphic,Spring,Female,Straight,Athletic
2968,navy,Dress,Graphic,Winter,Female,Straight,Cotton
4895,purple,Dress,Pattern,Fall,Unisex,Loose,Silk
38242,black,Dress,Pattern,Fall,Female,Loose,Denim
43094,green,Casual,Pattern,Fall,Unisex,Loose,Cotton
44799,white,Casual,Pattern,Winter,Unisex,Straight,Cotton
27484,green,Dress,Graphic,Fall,Female,Loose,Denim
18267,blue,Casual,Graphic,Summer,Unisex,Slim,Athletic
49226,silver,Dress,Graphic,Winter,Male,Slim,Courduroy
41799,navy,Casual,Pattern,Fall,Female,Straight,Courduroy
46797,fuchsia,Casual,Solid,Spring,Male,Slim,Courduroy
27235,maroon,Dress,Graphic,Winter,Male,Slim,Courduroy
35655,yellow,Casual,Graphic,Winter,Male,Straight,Athletic
45856,green,Dress,Pattern,Spring,Male,Straight,Courduroy